Copyright 1986-2018 Xilinx, Inc. All Rights Reserved.
----------------------------------------------------------------------------------------------------------------------------------
| Tool Version : Vivado v.2018.3 (win64) Build 2405991 Thu Dec  6 23:38:27 MST 2018
| Date         : Wed Jun  3 21:40:35 2026
| Host         : KOMPUTER running 64-bit major release  (build 9200)
| Command      : report_timing_summary -file C:/Users/user/VivadoProjects/2018-3/pwm_demo/bit/z7-lite-z7-debug_timing_summary.rpt
| Design       : main
| Device       : 7z020-clg400
| Speed File   : -1  PRODUCTION 1.11 2014-09-11
----------------------------------------------------------------------------------------------------------------------------------

Timing Summary Report

------------------------------------------------------------------------------------------------
| Timer Settings
| --------------
------------------------------------------------------------------------------------------------

  Enable Multi Corner Analysis               :  Yes
  Enable Pessimism Removal                   :  Yes
  Pessimism Removal Resolution               :  Nearest Common Node
  Enable Input Delay Default Clock           :  No
  Enable Preset / Clear Arcs                 :  No
  Disable Flight Delays                      :  No
  Ignore I/O Paths                           :  No
  Timing Early Launch at Borrowing Latches   :  false

  Corner  Analyze    Analyze    
  Name    Max Paths  Min Paths  
  ------  ---------  ---------  
  Slow    Yes        Yes        
  Fast    Yes        Yes        



check_timing report

Table of Contents
-----------------
1. checking no_clock
2. checking constant_clock
3. checking pulse_width_clock
4. checking unconstrained_internal_endpoints
5. checking no_input_delay
6. checking no_output_delay
7. checking multiple_clock
8. checking generated_clocks
9. checking loops
10. checking partial_input_delay
11. checking partial_output_delay
12. checking latch_loops

1. checking no_clock
--------------------
 There are 0 register/latch pins with no clock.


2. checking constant_clock
--------------------------
 There are 0 register/latch pins with constant_clock.


3. checking pulse_width_clock
-----------------------------
 There are 0 register/latch pins which need pulse_width check


4. checking unconstrained_internal_endpoints
--------------------------------------------
 There are 0 pins that are not constrained for maximum delay.

 There are 0 pins that are not constrained for maximum delay due to constant clock.


5. checking no_input_delay
--------------------------
 There are 0 input ports with no input delay specified.

 There are 2 input ports with no input delay but user has a false path constraint. (MEDIUM)


6. checking no_output_delay
---------------------------
 There are 0 ports with no output delay specified.

 There are 8 ports with no output delay but user has a false path constraint (MEDIUM)

 There are 0 ports with no output delay but with a timing clock defined on it or propagating through it


7. checking multiple_clock
--------------------------
 There are 0 register/latch pins with multiple clocks.


8. checking generated_clocks
----------------------------
 There are 0 generated clocks that are not connected to a clock source.


9. checking loops
-----------------
 There are 0 combinational loops in the design.


10. checking partial_input_delay
--------------------------------
 There are 0 input ports with partial input delay specified.


11. checking partial_output_delay
---------------------------------
 There are 0 ports with partial output delay specified.


12. checking latch_loops
------------------------
 There are 0 combinational latch loops in the design through latch input



------------------------------------------------------------------------------------------------
| Design Timing Summary
| ---------------------
------------------------------------------------------------------------------------------------

    WNS(ns)      TNS(ns)  TNS Failing Endpoints  TNS Total Endpoints      WHS(ns)      THS(ns)  THS Failing Endpoints  THS Total Endpoints     WPWS(ns)     TPWS(ns)  TPWS Failing Endpoints  TPWS Total Endpoints  
    -------      -------  ---------------------  -------------------      -------      -------  ---------------------  -------------------     --------     --------  ----------------------  --------------------  
      5.350        0.000                      0                 5255        0.051        0.000                      0                 5239        3.000        0.000                       0                  2883  


All user specified timing constraints are met.


------------------------------------------------------------------------------------------------
| Clock Summary
| -------------
------------------------------------------------------------------------------------------------

Clock                                                                                       Waveform(ns)       Period(ns)      Frequency(MHz)
-----                                                                                       ------------       ----------      --------------
dbg_hub/inst/BSCANID.u_xsdbm_id/SWITCH_N_EXT_BSCAN.bscan_inst/SERIES7_BSCAN.bscan_inst/TCK  {0.000 16.500}     33.000          30.303          
sys_clk                                                                                     {0.000 5.000}      10.000          100.000         
  CLKOUT1                                                                                   {0.000 10.000}     20.000          50.000          
  clk_pwm                                                                                   {0.000 5.000}      10.000          100.000         
  mmcm_fb_in                                                                                {0.000 5.000}      10.000          100.000         


------------------------------------------------------------------------------------------------
| Intra Clock Table
| -----------------
------------------------------------------------------------------------------------------------

Clock                                                                                           WNS(ns)      TNS(ns)  TNS Failing Endpoints  TNS Total Endpoints      WHS(ns)      THS(ns)  THS Failing Endpoints  THS Total Endpoints     WPWS(ns)     TPWS(ns)  TPWS Failing Endpoints  TPWS Total Endpoints  
-----                                                                                           -------      -------  ---------------------  -------------------      -------      -------  ---------------------  -------------------     --------     --------  ----------------------  --------------------  
dbg_hub/inst/BSCANID.u_xsdbm_id/SWITCH_N_EXT_BSCAN.bscan_inst/SERIES7_BSCAN.bscan_inst/TCK       27.007        0.000                      0                  933        0.106        0.000                      0                  933       15.250        0.000                       0                   487  
sys_clk                                                                                                                                                                                                                                       3.000        0.000                       0                     3  
  CLKOUT1                                                                                        12.431        0.000                      0                 3540        0.051        0.000                      0                 3540        8.750        0.000                       0                  2179  
  clk_pwm                                                                                         5.350        0.000                      0                  493        0.121        0.000                      0                  493        4.020        0.000                       0                   212  
  mmcm_fb_in                                                                                                                                                                                                                                  8.751        0.000                       0                     2  


------------------------------------------------------------------------------------------------
| Inter Clock Table
| -----------------
------------------------------------------------------------------------------------------------

From Clock                                                                                  To Clock                                                                                        WNS(ns)      TNS(ns)  TNS Failing Endpoints  TNS Total Endpoints      WHS(ns)      THS(ns)  THS Failing Endpoints  THS Total Endpoints  
----------                                                                                  --------                                                                                        -------      -------  ---------------------  -------------------      -------      -------  ---------------------  -------------------  
CLKOUT1                                                                                     dbg_hub/inst/BSCANID.u_xsdbm_id/SWITCH_N_EXT_BSCAN.bscan_inst/SERIES7_BSCAN.bscan_inst/TCK       18.703        0.000                      0                    8                                                                        
dbg_hub/inst/BSCANID.u_xsdbm_id/SWITCH_N_EXT_BSCAN.bscan_inst/SERIES7_BSCAN.bscan_inst/TCK  CLKOUT1                                                                                          31.725        0.000                      0                    8                                                                        
clk_pwm                                                                                     CLKOUT1                                                                                           6.500        0.000                      0                   27        0.166        0.000                      0                   27  
CLKOUT1                                                                                     clk_pwm                                                                                           6.590        0.000                      0                   12        0.184        0.000                      0                   12  


------------------------------------------------------------------------------------------------
| Other Path Groups Table
| -----------------------
------------------------------------------------------------------------------------------------

Path Group                                                                                  From Clock                                                                                  To Clock                                                                                        WNS(ns)      TNS(ns)  TNS Failing Endpoints  TNS Total Endpoints      WHS(ns)      THS(ns)  THS Failing Endpoints  THS Total Endpoints  
----------                                                                                  ----------                                                                                  --------                                                                                        -------      -------  ---------------------  -------------------      -------      -------  ---------------------  -------------------  
**async_default**                                                                           CLKOUT1                                                                                     CLKOUT1                                                                                          15.027        0.000                      0                  144        0.365        0.000                      0                  144  
**async_default**                                                                           clk_pwm                                                                                     clk_pwm                                                                                           7.877        0.000                      0                    6        0.698        0.000                      0                    6  
**async_default**                                                                           dbg_hub/inst/BSCANID.u_xsdbm_id/SWITCH_N_EXT_BSCAN.bscan_inst/SERIES7_BSCAN.bscan_inst/TCK  dbg_hub/inst/BSCANID.u_xsdbm_id/SWITCH_N_EXT_BSCAN.bscan_inst/SERIES7_BSCAN.bscan_inst/TCK       29.204        0.000                      0                  100        0.342        0.000                      0                  100  


------------------------------------------------------------------------------------------------
| Timing Details
| --------------
------------------------------------------------------------------------------------------------


---------------------------------------------------------------------------------------------------
From Clock:  dbg_hub/inst/BSCANID.u_xsdbm_id/SWITCH_N_EXT_BSCAN.bscan_inst/SERIES7_BSCAN.bscan_inst/TCK
  To Clock:  dbg_hub/inst/BSCANID.u_xsdbm_id/SWITCH_N_EXT_BSCAN.bscan_inst/SERIES7_BSCAN.bscan_inst/TCK

Setup :            0  Failing Endpoints,  Worst Slack       27.007ns,  Total Violation        0.000ns
Hold  :            0  Failing Endpoints,  Worst Slack        0.106ns,  Total Violation        0.000ns
PW    :            0  Failing Endpoints,  Worst Slack       15.250ns,  Total Violation        0.000ns
---------------------------------------------------------------------------------------------------


Max Delay Paths
--------------------------------------------------------------------------------------
Slack (MET) :             27.007ns  (required time - arrival time)
  Source:                 dbg_hub/inst/BSCANID.u_xsdbm_id/SWITCH_N_EXT_BSCAN.bscan_switch/state_reg[0]/C
                            (rising edge-triggered cell FDRE clocked by dbg_hub/inst/BSCANID.u_xsdbm_id/SWITCH_N_EXT_BSCAN.bscan_inst/SERIES7_BSCAN.bscan_inst/TCK  {rise@0.000ns fall@16.500ns period=33.000ns})
  Destination:            dbg_hub/inst/BSCANID.u_xsdbm_id/SWITCH_N_EXT_BSCAN.bscan_switch/state_temp_reg[0]/D
                            (rising edge-triggered cell FDRE clocked by dbg_hub/inst/BSCANID.u_xsdbm_id/SWITCH_N_EXT_BSCAN.bscan_inst/SERIES7_BSCAN.bscan_inst/TCK  {rise@0.000ns fall@16.500ns period=33.000ns})
  Path Group:             dbg_hub/inst/BSCANID.u_xsdbm_id/SWITCH_N_EXT_BSCAN.bscan_inst/SERIES7_BSCAN.bscan_inst/TCK
  Path Type:              Setup (Max at Slow Process Corner)
  Requirement:            33.000ns  (dbg_hub/inst/BSCANID.u_xsdbm_id/SWITCH_N_EXT_BSCAN.bscan_inst/SERIES7_BSCAN.bscan_inst/TCK rise@33.000ns - dbg_hub/inst/BSCANID.u_xsdbm_id/SWITCH_N_EXT_BSCAN.bscan_inst/SERIES7_BSCAN.bscan_inst/TCK rise@0.000ns)
  Data Path Delay:        6.035ns  (logic 1.638ns (27.141%)  route 4.397ns (72.859%))
  Logic Levels:           6  (CARRY4=2 LUT4=1 LUT6=3)
  Clock Path Skew:        0.000ns (DCD - SCD + CPR)
    Destination Clock Delay (DCD):    3.639ns = ( 36.639 - 33.000 ) 
    Source Clock Delay      (SCD):    4.139ns
    Clock Pessimism Removal (CPR):    0.500ns
  Clock Uncertainty:      0.035ns  ((TSJ^2 + TIJ^2)^1/2 + DJ) / 2 + PE
    Total System Jitter     (TSJ):    0.071ns
    Total Input Jitter      (TIJ):    0.000ns
    Discrete Jitter          (DJ):    0.000ns
    Phase Error              (PE):    0.000ns

    Location             Delay type                Incr(ns)  Path(ns)    Netlist Resource(s)
  -------------------------------------------------------------------    -------------------
                         (clock dbg_hub/inst/BSCANID.u_xsdbm_id/SWITCH_N_EXT_BSCAN.bscan_inst/SERIES7_BSCAN.bscan_inst/TCK rise edge)
                                                      0.000     0.000 r  
    BSCAN_X0Y0           BSCANE2                      0.000     0.000 r  dbg_hub/inst/BSCANID.u_xsdbm_id/SWITCH_N_EXT_BSCAN.bscan_inst/SERIES7_BSCAN.bscan_inst/TCK
                         net (fo=1, routed)           2.325     2.325    dbg_hub/inst/BSCANID.u_xsdbm_id/tck_bs
    BUFGCTRL_X0Y1        BUFG (Prop_bufg_I_O)         0.101     2.426 r  dbg_hub/inst/BSCANID.u_xsdbm_id/SWITCH_N_EXT_BSCAN.u_bufg_icon_tck/O
                         net (fo=486, routed)         1.713     4.139    dbg_hub/inst/BSCANID.u_xsdbm_id/SWITCH_N_EXT_BSCAN.bscan_switch/s_bscan_tck
    SLICE_X86Y80         FDRE                                         r  dbg_hub/inst/BSCANID.u_xsdbm_id/SWITCH_N_EXT_BSCAN.bscan_switch/state_reg[0]/C
  -------------------------------------------------------------------    -------------------
    SLICE_X86Y80         FDRE (Prop_fdre_C_Q)         0.478     4.617 r  dbg_hub/inst/BSCANID.u_xsdbm_id/SWITCH_N_EXT_BSCAN.bscan_switch/state_reg[0]/Q
                         net (fo=50, routed)          1.466     6.083    dbg_hub/inst/BSCANID.u_xsdbm_id/SWITCH_N_EXT_BSCAN.bscan_switch/state[0]
    SLICE_X83Y82         LUT4 (Prop_lut4_I1_O)        0.295     6.378 r  dbg_hub/inst/BSCANID.u_xsdbm_id/SWITCH_N_EXT_BSCAN.bscan_switch/curid_inferred_i_14/O
                         net (fo=2, routed)           1.135     7.513    dbg_hub/inst/BSCANID.u_xsdbm_id/SWITCH_N_EXT_BSCAN.bscan_switch/curid[18]
    SLICE_X82Y79         LUT6 (Prop_lut6_I3_O)        0.124     7.637 r  dbg_hub/inst/BSCANID.u_xsdbm_id/SWITCH_N_EXT_BSCAN.bscan_switch/state_temp[0]_i_9/O
                         net (fo=1, routed)           0.000     7.637    dbg_hub/inst/BSCANID.u_xsdbm_id/SWITCH_N_EXT_BSCAN.bscan_switch/state_temp[0]_i_9_n_0
    SLICE_X82Y79         CARRY4 (Prop_carry4_S[3]_CO[3])
                                                      0.376     8.013 r  dbg_hub/inst/BSCANID.u_xsdbm_id/SWITCH_N_EXT_BSCAN.bscan_switch/state_temp_reg[0]_i_4/CO[3]
                         net (fo=1, routed)           0.000     8.013    dbg_hub/inst/BSCANID.u_xsdbm_id/SWITCH_N_EXT_BSCAN.bscan_switch/state_temp_reg[0]_i_4_n_0
    SLICE_X82Y80         CARRY4 (Prop_carry4_CI_CO[3])
                                                      0.117     8.130 f  dbg_hub/inst/BSCANID.u_xsdbm_id/SWITCH_N_EXT_BSCAN.bscan_switch/state_temp_reg[0]_i_3/CO[3]
                         net (fo=4, routed)           1.136     9.266    dbg_hub/inst/BSCANID.u_xsdbm_id/SWITCH_N_EXT_BSCAN.bscan_switch/state_temp_reg[0]_i_3_n_0
    SLICE_X87Y80         LUT6 (Prop_lut6_I0_O)        0.124     9.390 r  dbg_hub/inst/BSCANID.u_xsdbm_id/SWITCH_N_EXT_BSCAN.bscan_switch/state_temp[0]_i_2/O
                         net (fo=1, routed)           0.661    10.050    dbg_hub/inst/BSCANID.u_xsdbm_id/SWITCH_N_EXT_BSCAN.bscan_switch/state_temp[0]_i_2_n_0
    SLICE_X86Y80         LUT6 (Prop_lut6_I0_O)        0.124    10.174 r  dbg_hub/inst/BSCANID.u_xsdbm_id/SWITCH_N_EXT_BSCAN.bscan_switch/state_temp[0]_i_1/O
                         net (fo=1, routed)           0.000    10.174    dbg_hub/inst/BSCANID.u_xsdbm_id/SWITCH_N_EXT_BSCAN.bscan_switch/state_temp[0]_i_1_n_0
    SLICE_X86Y80         FDRE                                         r  dbg_hub/inst/BSCANID.u_xsdbm_id/SWITCH_N_EXT_BSCAN.bscan_switch/state_temp_reg[0]/D
  -------------------------------------------------------------------    -------------------

                         (clock dbg_hub/inst/BSCANID.u_xsdbm_id/SWITCH_N_EXT_BSCAN.bscan_inst/SERIES7_BSCAN.bscan_inst/TCK rise edge)
                                                     33.000    33.000 r  
    BSCAN_X0Y0           BSCANE2                      0.000    33.000 r  dbg_hub/inst/BSCANID.u_xsdbm_id/SWITCH_N_EXT_BSCAN.bscan_inst/SERIES7_BSCAN.bscan_inst/TCK
                         net (fo=1, routed)           2.010    35.010    dbg_hub/inst/BSCANID.u_xsdbm_id/tck_bs
    BUFGCTRL_X0Y1        BUFG (Prop_bufg_I_O)         0.091    35.101 r  dbg_hub/inst/BSCANID.u_xsdbm_id/SWITCH_N_EXT_BSCAN.u_bufg_icon_tck/O
                         net (fo=486, routed)         1.538    36.639    dbg_hub/inst/BSCANID.u_xsdbm_id/SWITCH_N_EXT_BSCAN.bscan_switch/s_bscan_tck
    SLICE_X86Y80         FDRE                                         r  dbg_hub/inst/BSCANID.u_xsdbm_id/SWITCH_N_EXT_BSCAN.bscan_switch/state_temp_reg[0]/C
                         clock pessimism              0.500    37.139    
                         clock uncertainty           -0.035    37.104    
    SLICE_X86Y80         FDRE (Setup_fdre_C_D)        0.077    37.181    dbg_hub/inst/BSCANID.u_xsdbm_id/SWITCH_N_EXT_BSCAN.bscan_switch/state_temp_reg[0]
  -------------------------------------------------------------------
                         required time                         37.181    
                         arrival time                         -10.174    
  -------------------------------------------------------------------
                         slack                                 27.007    





Min Delay Paths
--------------------------------------------------------------------------------------
Slack (MET) :             0.106ns  (arrival time - required time)
  Source:                 dbg_hub/inst/BSCANID.u_xsdbm_id/CORE_XSDB.UUT_MASTER/U_ICON_INTERFACE/U_CMD6_RD/U_RD_FIFO/SUBCORE_FIFO.xsdbm_v3_0_0_rdfifo_inst/inst_fifo_gen/gconvfifo.rf/grf.rf/gntv_or_sync_fifo.mem/goreg_dm.dout_i_reg[4]/C
                            (rising edge-triggered cell FDRE clocked by dbg_hub/inst/BSCANID.u_xsdbm_id/SWITCH_N_EXT_BSCAN.bscan_inst/SERIES7_BSCAN.bscan_inst/TCK  {rise@0.000ns fall@16.500ns period=33.000ns})
  Destination:            dbg_hub/inst/BSCANID.u_xsdbm_id/CORE_XSDB.UUT_MASTER/U_ICON_INTERFACE/U_CMD6_RD/shift_reg_in_reg[3]/D
                            (rising edge-triggered cell FDCE clocked by dbg_hub/inst/BSCANID.u_xsdbm_id/SWITCH_N_EXT_BSCAN.bscan_inst/SERIES7_BSCAN.bscan_inst/TCK  {rise@0.000ns fall@16.500ns period=33.000ns})
  Path Group:             dbg_hub/inst/BSCANID.u_xsdbm_id/SWITCH_N_EXT_BSCAN.bscan_inst/SERIES7_BSCAN.bscan_inst/TCK
  Path Type:              Hold (Min at Fast Process Corner)
  Requirement:            0.000ns  (dbg_hub/inst/BSCANID.u_xsdbm_id/SWITCH_N_EXT_BSCAN.bscan_inst/SERIES7_BSCAN.bscan_inst/TCK rise@0.000ns - dbg_hub/inst/BSCANID.u_xsdbm_id/SWITCH_N_EXT_BSCAN.bscan_inst/SERIES7_BSCAN.bscan_inst/TCK rise@0.000ns)
  Data Path Delay:        0.240ns  (logic 0.186ns (77.466%)  route 0.054ns (22.534%))
  Logic Levels:           1  (LUT5=1)
  Clock Path Skew:        0.013ns (DCD - SCD - CPR)
    Destination Clock Delay (DCD):    2.065ns
    Source Clock Delay      (SCD):    1.661ns
    Clock Pessimism Removal (CPR):    0.391ns

    Location             Delay type                Incr(ns)  Path(ns)    Netlist Resource(s)
  -------------------------------------------------------------------    -------------------
                         (clock dbg_hub/inst/BSCANID.u_xsdbm_id/SWITCH_N_EXT_BSCAN.bscan_inst/SERIES7_BSCAN.bscan_inst/TCK rise edge)
                                                      0.000     0.000 r  
    BSCAN_X0Y0           BSCANE2                      0.000     0.000 r  dbg_hub/inst/BSCANID.u_xsdbm_id/SWITCH_N_EXT_BSCAN.bscan_inst/SERIES7_BSCAN.bscan_inst/TCK
                         net (fo=1, routed)           1.036     1.036    dbg_hub/inst/BSCANID.u_xsdbm_id/tck_bs
    BUFGCTRL_X0Y1        BUFG (Prop_bufg_I_O)         0.026     1.062 r  dbg_hub/inst/BSCANID.u_xsdbm_id/SWITCH_N_EXT_BSCAN.u_bufg_icon_tck/O
                         net (fo=486, routed)         0.599     1.661    dbg_hub/inst/BSCANID.u_xsdbm_id/CORE_XSDB.UUT_MASTER/U_ICON_INTERFACE/U_CMD6_RD/U_RD_FIFO/SUBCORE_FIFO.xsdbm_v3_0_0_rdfifo_inst/inst_fifo_gen/gconvfifo.rf/grf.rf/gntv_or_sync_fifo.mem/rd_clk
    SLICE_X95Y72         FDRE                                         r  dbg_hub/inst/BSCANID.u_xsdbm_id/CORE_XSDB.UUT_MASTER/U_ICON_INTERFACE/U_CMD6_RD/U_RD_FIFO/SUBCORE_FIFO.xsdbm_v3_0_0_rdfifo_inst/inst_fifo_gen/gconvfifo.rf/grf.rf/gntv_or_sync_fifo.mem/goreg_dm.dout_i_reg[4]/C
  -------------------------------------------------------------------    -------------------
    SLICE_X95Y72         FDRE (Prop_fdre_C_Q)         0.141     1.802 r  dbg_hub/inst/BSCANID.u_xsdbm_id/CORE_XSDB.UUT_MASTER/U_ICON_INTERFACE/U_CMD6_RD/U_RD_FIFO/SUBCORE_FIFO.xsdbm_v3_0_0_rdfifo_inst/inst_fifo_gen/gconvfifo.rf/grf.rf/gntv_or_sync_fifo.mem/goreg_dm.dout_i_reg[4]/Q
                         net (fo=1, routed)           0.054     1.856    dbg_hub/inst/BSCANID.u_xsdbm_id/CORE_XSDB.UUT_MASTER/U_ICON_INTERFACE/U_CMD6_RD/U_RD_FIFO/fifo_dout[4]
    SLICE_X94Y72         LUT5 (Prop_lut5_I3_O)        0.045     1.901 r  dbg_hub/inst/BSCANID.u_xsdbm_id/CORE_XSDB.UUT_MASTER/U_ICON_INTERFACE/U_CMD6_RD/U_RD_FIFO/shift_reg_in[3]_i_1/O
                         net (fo=1, routed)           0.000     1.901    dbg_hub/inst/BSCANID.u_xsdbm_id/CORE_XSDB.UUT_MASTER/U_ICON_INTERFACE/U_CMD6_RD/U_RD_FIFO_n_12
    SLICE_X94Y72         FDCE                                         r  dbg_hub/inst/BSCANID.u_xsdbm_id/CORE_XSDB.UUT_MASTER/U_ICON_INTERFACE/U_CMD6_RD/shift_reg_in_reg[3]/D
  -------------------------------------------------------------------    -------------------

                         (clock dbg_hub/inst/BSCANID.u_xsdbm_id/SWITCH_N_EXT_BSCAN.bscan_inst/SERIES7_BSCAN.bscan_inst/TCK rise edge)
                                                      0.000     0.000 r  
    BSCAN_X0Y0           BSCANE2                      0.000     0.000 r  dbg_hub/inst/BSCANID.u_xsdbm_id/SWITCH_N_EXT_BSCAN.bscan_inst/SERIES7_BSCAN.bscan_inst/TCK
                         net (fo=1, routed)           1.170     1.170    dbg_hub/inst/BSCANID.u_xsdbm_id/tck_bs
    BUFGCTRL_X0Y1        BUFG (Prop_bufg_I_O)         0.029     1.199 r  dbg_hub/inst/BSCANID.u_xsdbm_id/SWITCH_N_EXT_BSCAN.u_bufg_icon_tck/O
                         net (fo=486, routed)         0.866     2.065    dbg_hub/inst/BSCANID.u_xsdbm_id/CORE_XSDB.UUT_MASTER/U_ICON_INTERFACE/U_CMD6_RD/m_bscan_tck[0]
    SLICE_X94Y72         FDCE                                         r  dbg_hub/inst/BSCANID.u_xsdbm_id/CORE_XSDB.UUT_MASTER/U_ICON_INTERFACE/U_CMD6_RD/shift_reg_in_reg[3]/C
                         clock pessimism             -0.391     1.674    
    SLICE_X94Y72         FDCE (Hold_fdce_C_D)         0.121     1.795    dbg_hub/inst/BSCANID.u_xsdbm_id/CORE_XSDB.UUT_MASTER/U_ICON_INTERFACE/U_CMD6_RD/shift_reg_in_reg[3]
  -------------------------------------------------------------------
                         required time                         -1.795    
                         arrival time                           1.901    
  -------------------------------------------------------------------
                         slack                                  0.106    





Pulse Width Checks
--------------------------------------------------------------------------------------
Clock Name:         dbg_hub/inst/BSCANID.u_xsdbm_id/SWITCH_N_EXT_BSCAN.bscan_inst/SERIES7_BSCAN.bscan_inst/TCK
Waveform(ns):       { 0.000 16.500 }
Period(ns):         33.000
Sources:            { dbg_hub/inst/BSCANID.u_xsdbm_id/SWITCH_N_EXT_BSCAN.bscan_inst/SERIES7_BSCAN.bscan_inst/TCK }

Check Type        Corner  Lib Pin     Reference Pin  Required(ns)  Actual(ns)  Slack(ns)  Location       Pin
Min Period        n/a     BUFG/I      n/a            2.155         33.000      30.845     BUFGCTRL_X0Y1  dbg_hub/inst/BSCANID.u_xsdbm_id/SWITCH_N_EXT_BSCAN.u_bufg_icon_tck/I
Low Pulse Width   Slow    RAMD32/CLK  n/a            1.250         16.500      15.250     SLICE_X92Y67   dbg_hub/inst/BSCANID.u_xsdbm_id/CORE_XSDB.UUT_MASTER/U_ICON_INTERFACE/U_CMD6_WR/U_WR_FIFO/SUBCORE_FIFO.xsdbm_v3_0_0_wrfifo_inst/inst_fifo_gen/gconvfifo.rf/grf.rf/gntv_or_sync_fifo.mem/gdm.dm_gen.dm/RAM_reg_0_15_0_5/RAMA/CLK
High Pulse Width  Slow    RAMD32/CLK  n/a            1.250         16.500      15.250     SLICE_X92Y67   dbg_hub/inst/BSCANID.u_xsdbm_id/CORE_XSDB.UUT_MASTER/U_ICON_INTERFACE/U_CMD6_WR/U_WR_FIFO/SUBCORE_FIFO.xsdbm_v3_0_0_wrfifo_inst/inst_fifo_gen/gconvfifo.rf/grf.rf/gntv_or_sync_fifo.mem/gdm.dm_gen.dm/RAM_reg_0_15_0_5/RAMA/CLK



---------------------------------------------------------------------------------------------------
From Clock:  sys_clk
  To Clock:  sys_clk

Setup :           NA  Failing Endpoints,  Worst Slack           NA  ,  Total Violation           NA
Hold  :           NA  Failing Endpoints,  Worst Slack           NA  ,  Total Violation           NA
PW    :            0  Failing Endpoints,  Worst Slack        3.000ns,  Total Violation        0.000ns
---------------------------------------------------------------------------------------------------


Pulse Width Checks
--------------------------------------------------------------------------------------
Clock Name:         sys_clk
Waveform(ns):       { 0.000 5.000 }
Period(ns):         10.000
Sources:            { sys_clk }

Check Type        Corner  Lib Pin            Reference Pin  Required(ns)  Actual(ns)  Slack(ns)  Location         Pin
Min Period        n/a     BUFG/I             n/a            2.155         10.000      7.845      BUFGCTRL_X0Y16   clk_gbuffer/I
Max Period        n/a     MMCME2_ADV/CLKIN1  n/a            100.000       10.000      90.000     MMCME2_ADV_X1Y0  mmcm_adv/CLKIN1
Low Pulse Width   Fast    MMCME2_ADV/CLKIN1  n/a            2.000         5.000       3.000      MMCME2_ADV_X1Y0  mmcm_adv/CLKIN1
High Pulse Width  Slow    MMCME2_ADV/CLKIN1  n/a            2.000         5.000       3.000      MMCME2_ADV_X1Y0  mmcm_adv/CLKIN1



---------------------------------------------------------------------------------------------------
From Clock:  CLKOUT1
  To Clock:  CLKOUT1

Setup :            0  Failing Endpoints,  Worst Slack       12.431ns,  Total Violation        0.000ns
Hold  :            0  Failing Endpoints,  Worst Slack        0.051ns,  Total Violation        0.000ns
PW    :            0  Failing Endpoints,  Worst Slack        8.750ns,  Total Violation        0.000ns
---------------------------------------------------------------------------------------------------


Max Delay Paths
--------------------------------------------------------------------------------------
Slack (MET) :             12.431ns  (required time - arrival time)
  Source:                 debug_gen.debug_ila/inst/ila_core_inst/u_ila_regs/U_XSDB_SLAVE/G_1PIPE_IFACE.s_den_r_reg/C
                            (rising edge-triggered cell FDRE clocked by CLKOUT1  {rise@0.000ns fall@10.000ns period=20.000ns})
  Destination:            debug_gen.debug_ila/inst/ila_core_inst/xsdb_memory_read_inst/data_out_en_reg/D
                            (rising edge-triggered cell FDRE clocked by CLKOUT1  {rise@0.000ns fall@10.000ns period=20.000ns})
  Path Group:             CLKOUT1
  Path Type:              Setup (Max at Slow Process Corner)
  Requirement:            20.000ns  (CLKOUT1 rise@20.000ns - CLKOUT1 rise@0.000ns)
  Data Path Delay:        7.126ns  (logic 1.400ns (19.646%)  route 5.726ns (80.354%))
  Logic Levels:           5  (LUT3=1 LUT4=1 LUT6=3)
  Clock Path Skew:        -0.112ns (DCD - SCD + CPR)
    Destination Clock Delay (DCD):    8.549ns = ( 28.549 - 20.000 ) 
    Source Clock Delay      (SCD):    9.427ns
    Clock Pessimism Removal (CPR):    0.766ns
  Clock Uncertainty:      0.076ns  ((TSJ^2 + DJ^2)^1/2) / 2 + PE
    Total System Jitter     (TSJ):    0.071ns
    Discrete Jitter          (DJ):    0.135ns
    Phase Error              (PE):    0.000ns

    Location             Delay type                Incr(ns)  Path(ns)    Netlist Resource(s)
  -------------------------------------------------------------------    -------------------
                         (clock CLKOUT1 rise edge)    0.000     0.000 r  
    N18                                               0.000     0.000 r  sys_clk (IN)
                         net (fo=0)                   0.000     0.000    sys_clk
    N18                  IBUF (Prop_ibuf_I_O)         1.461     1.461 r  sys_clk_ibuffer/O
                         net (fo=1, routed)           2.205     3.666    obuf_clk
    BUFGCTRL_X0Y16       BUFG (Prop_bufg_I_O)         0.101     3.767 r  clk_gbuffer/O
                         net (fo=2, routed)           1.806     5.573    gobuf_clk
    MMCME2_ADV_X1Y0      MMCME2_ADV (Prop_mmcme2_adv_CLKIN1_CLKOUT1)
                                                      0.088     5.661 r  mmcm_adv/CLKOUT1
                         net (fo=1, routed)           1.889     7.550    CLKOUT1
    BUFGCTRL_X0Y0        BUFG (Prop_bufg_I_O)         0.101     7.651 r  CLKOUT1_BUFG_inst/O
                         net (fo=2177, routed)        1.776     9.427    debug_gen.debug_ila/inst/ila_core_inst/u_ila_regs/U_XSDB_SLAVE/sl_iport_i[1]
    SLICE_X94Y68         FDRE                                         r  debug_gen.debug_ila/inst/ila_core_inst/u_ila_regs/U_XSDB_SLAVE/G_1PIPE_IFACE.s_den_r_reg/C
  -------------------------------------------------------------------    -------------------
    SLICE_X94Y68         FDRE (Prop_fdre_C_Q)         0.518     9.945 r  debug_gen.debug_ila/inst/ila_core_inst/u_ila_regs/U_XSDB_SLAVE/G_1PIPE_IFACE.s_den_r_reg/Q
                         net (fo=48, routed)          1.992    11.937    debug_gen.debug_ila/inst/ila_core_inst/u_ila_regs/s_den
    SLICE_X89Y61         LUT4 (Prop_lut4_I1_O)        0.152    12.089 f  debug_gen.debug_ila/inst/ila_core_inst/u_ila_regs/current_state[6]_i_4/O
                         net (fo=3, routed)           1.091    13.180    debug_gen.debug_ila/inst/ila_core_inst/u_ila_regs/current_state[6]_i_4_n_0
    SLICE_X87Y52         LUT6 (Prop_lut6_I4_O)        0.332    13.512 r  debug_gen.debug_ila/inst/ila_core_inst/u_ila_regs/current_state[4]_i_2/O
                         net (fo=5, routed)           0.859    14.371    debug_gen.debug_ila/inst/ila_core_inst/u_ila_regs/read_data_en
    SLICE_X82Y50         LUT6 (Prop_lut6_I0_O)        0.124    14.495 r  debug_gen.debug_ila/inst/ila_core_inst/u_ila_regs/read_en_i_3/O
                         net (fo=1, routed)           0.862    15.356    debug_gen.debug_ila/inst/ila_core_inst/xsdb_memory_read_inst/read_en_reg_0
    SLICE_X83Y50         LUT6 (Prop_lut6_I0_O)        0.124    15.480 r  debug_gen.debug_ila/inst/ila_core_inst/xsdb_memory_read_inst/read_en_i_2/O
                         net (fo=2, routed)           0.577    16.057    debug_gen.debug_ila/inst/ila_core_inst/xsdb_memory_read_inst/read_en_0
    SLICE_X84Y50         LUT3 (Prop_lut3_I1_O)        0.150    16.207 r  debug_gen.debug_ila/inst/ila_core_inst/xsdb_memory_read_inst/data_out_en_i_1/O
                         net (fo=1, routed)           0.346    16.553    debug_gen.debug_ila/inst/ila_core_inst/xsdb_memory_read_inst/data_out_en_i_1_n_0
    SLICE_X84Y50         FDRE                                         r  debug_gen.debug_ila/inst/ila_core_inst/xsdb_memory_read_inst/data_out_en_reg/D
  -------------------------------------------------------------------    -------------------

                         (clock CLKOUT1 rise edge)   20.000    20.000 r  
    N18                                               0.000    20.000 r  sys_clk (IN)
                         net (fo=0)                   0.000    20.000    sys_clk
    N18                  IBUF (Prop_ibuf_I_O)         1.391    21.391 r  sys_clk_ibuffer/O
                         net (fo=1, routed)           2.006    23.397    obuf_clk
    BUFGCTRL_X0Y16       BUFG (Prop_bufg_I_O)         0.091    23.488 r  clk_gbuffer/O
                         net (fo=2, routed)           1.612    25.100    gobuf_clk
    MMCME2_ADV_X1Y0      MMCME2_ADV (Prop_mmcme2_adv_CLKIN1_CLKOUT1)
                                                      0.083    25.183 r  mmcm_adv/CLKOUT1
                         net (fo=1, routed)           1.725    26.908    CLKOUT1
    BUFGCTRL_X0Y0        BUFG (Prop_bufg_I_O)         0.091    26.999 r  CLKOUT1_BUFG_inst/O
                         net (fo=2177, routed)        1.550    28.549    debug_gen.debug_ila/inst/ila_core_inst/xsdb_memory_read_inst/s_dclk_o
    SLICE_X84Y50         FDRE                                         r  debug_gen.debug_ila/inst/ila_core_inst/xsdb_memory_read_inst/data_out_en_reg/C
                         clock pessimism              0.766    29.315    
                         clock uncertainty           -0.076    29.239    
    SLICE_X84Y50         FDRE (Setup_fdre_C_D)       -0.255    28.984    debug_gen.debug_ila/inst/ila_core_inst/xsdb_memory_read_inst/data_out_en_reg
  -------------------------------------------------------------------
                         required time                         28.984    
                         arrival time                         -16.553    
  -------------------------------------------------------------------
                         slack                                 12.431    





Min Delay Paths
--------------------------------------------------------------------------------------
Slack (MET) :             0.051ns  (arrival time - required time)
  Source:                 dut_sine/index_reg_rep[8]/C
                            (rising edge-triggered cell FDCE clocked by CLKOUT1  {rise@0.000ns fall@10.000ns period=20.000ns})
  Destination:            dut_sine/output_data_reg[2]/D
                            (rising edge-triggered cell FDCE clocked by CLKOUT1  {rise@0.000ns fall@10.000ns period=20.000ns})
  Path Group:             CLKOUT1
  Path Type:              Hold (Min at Fast Process Corner)
  Requirement:            0.000ns  (CLKOUT1 rise@0.000ns - CLKOUT1 rise@0.000ns)
  Data Path Delay:        0.424ns  (logic 0.287ns (67.627%)  route 0.137ns (32.373%))
  Logic Levels:           1  (MUXF7=1)
  Clock Path Skew:        0.268ns (DCD - SCD - CPR)
    Destination Clock Delay (DCD):    3.607ns
    Source Clock Delay      (SCD):    2.770ns
    Clock Pessimism Removal (CPR):    0.568ns

    Location             Delay type                Incr(ns)  Path(ns)    Netlist Resource(s)
  -------------------------------------------------------------------    -------------------
                         (clock CLKOUT1 rise edge)    0.000     0.000 r  
    N18                                               0.000     0.000 r  sys_clk (IN)
                         net (fo=0)                   0.000     0.000    sys_clk
    N18                  IBUF (Prop_ibuf_I_O)         0.229     0.229 r  sys_clk_ibuffer/O
                         net (fo=1, routed)           0.674     0.903    obuf_clk
    BUFGCTRL_X0Y16       BUFG (Prop_bufg_I_O)         0.026     0.929 r  clk_gbuffer/O
                         net (fo=2, routed)           0.597     1.526    gobuf_clk
    MMCME2_ADV_X1Y0      MMCME2_ADV (Prop_mmcme2_adv_CLKIN1_CLKOUT1)
                                                      0.050     1.576 r  mmcm_adv/CLKOUT1
                         net (fo=1, routed)           0.529     2.105    CLKOUT1
    BUFGCTRL_X0Y0        BUFG (Prop_bufg_I_O)         0.026     2.131 r  CLKOUT1_BUFG_inst/O
                         net (fo=2177, routed)        0.640     2.770    dut_sine/CLKOUT1_BUFG
    SLICE_X108Y49        FDCE                                         r  dut_sine/index_reg_rep[8]/C
  -------------------------------------------------------------------    -------------------
    SLICE_X108Y49        FDCE (Prop_fdce_C_Q)         0.148     2.918 r  dut_sine/index_reg_rep[8]/Q
                         net (fo=6, routed)           0.137     3.056    dut_sine/index_reg_rep_n_0_[8]
    SLICE_X109Y50        MUXF7 (Prop_muxf7_S_O)       0.139     3.195 r  dut_sine/output_data_reg[2]_i_1/O
                         net (fo=1, routed)           0.000     3.195    dut_sine/output_data_reg[2]_i_1_n_0
    SLICE_X109Y50        FDCE                                         r  dut_sine/output_data_reg[2]/D
  -------------------------------------------------------------------    -------------------

                         (clock CLKOUT1 rise edge)    0.000     0.000 r  
    N18                                               0.000     0.000 r  sys_clk (IN)
                         net (fo=0)                   0.000     0.000    sys_clk
    N18                  IBUF (Prop_ibuf_I_O)         0.417     0.417 r  sys_clk_ibuffer/O
                         net (fo=1, routed)           0.731     1.148    obuf_clk
    BUFGCTRL_X0Y16       BUFG (Prop_bufg_I_O)         0.029     1.177 r  clk_gbuffer/O
                         net (fo=2, routed)           0.864     2.041    gobuf_clk
    MMCME2_ADV_X1Y0      MMCME2_ADV (Prop_mmcme2_adv_CLKIN1_CLKOUT1)
                                                      0.053     2.094 r  mmcm_adv/CLKOUT1
                         net (fo=1, routed)           0.576     2.670    CLKOUT1
    BUFGCTRL_X0Y0        BUFG (Prop_bufg_I_O)         0.029     2.699 r  CLKOUT1_BUFG_inst/O
                         net (fo=2177, routed)        0.908     3.607    dut_sine/CLKOUT1_BUFG
    SLICE_X109Y50        FDCE                                         r  dut_sine/output_data_reg[2]/C
                         clock pessimism             -0.568     3.039    
    SLICE_X109Y50        FDCE (Hold_fdce_C_D)         0.105     3.144    dut_sine/output_data_reg[2]
  -------------------------------------------------------------------
                         required time                         -3.144    
                         arrival time                           3.195    
  -------------------------------------------------------------------
                         slack                                  0.051    





Pulse Width Checks
--------------------------------------------------------------------------------------
Clock Name:         CLKOUT1
Waveform(ns):       { 0.000 10.000 }
Period(ns):         20.000
Sources:            { mmcm_adv/CLKOUT1 }

Check Type        Corner  Lib Pin             Reference Pin  Required(ns)  Actual(ns)  Slack(ns)  Location         Pin
Min Period        n/a     RAMB36E1/CLKARDCLK  n/a            2.944         20.000      17.056     RAMB36_X4Y10     debug_gen.debug_ila/inst/ila_core_inst/ila_trace_memory_inst/SUBCORE_RAM_BLK_MEM_1.trace_block_memory/inst_blk_mem_gen/gnbram.gnativebmg.native_blk_mem_gen/valid.cstr/ramloop[0].ram.r/prim_noinit.ram/DEVICE_7SERIES.NO_BMM_INFO.SDP.SIMPLE_PRIM36.ram/CLKARDCLK
Max Period        n/a     MMCME2_ADV/CLKOUT1  n/a            213.360       20.000      193.360    MMCME2_ADV_X1Y0  mmcm_adv/CLKOUT1
Low Pulse Width   Fast    RAMD32/CLK          n/a            1.250         10.000      8.750      SLICE_X96Y71     dbg_hub/inst/BSCANID.u_xsdbm_id/CORE_XSDB.UUT_MASTER/U_ICON_INTERFACE/U_CMD6_RD/U_RD_FIFO/SUBCORE_FIFO.xsdbm_v3_0_0_rdfifo_inst/inst_fifo_gen/gconvfifo.rf/grf.rf/gntv_or_sync_fifo.mem/gdm.dm_gen.dm/RAM_reg_0_15_0_5/RAMA/CLK
High Pulse Width  Slow    RAMD32/CLK          n/a            1.250         10.000      8.750      SLICE_X96Y71     dbg_hub/inst/BSCANID.u_xsdbm_id/CORE_XSDB.UUT_MASTER/U_ICON_INTERFACE/U_CMD6_RD/U_RD_FIFO/SUBCORE_FIFO.xsdbm_v3_0_0_rdfifo_inst/inst_fifo_gen/gconvfifo.rf/grf.rf/gntv_or_sync_fifo.mem/gdm.dm_gen.dm/RAM_reg_0_15_0_5/RAMA/CLK



---------------------------------------------------------------------------------------------------
From Clock:  clk_pwm
  To Clock:  clk_pwm

Setup :            0  Failing Endpoints,  Worst Slack        5.350ns,  Total Violation        0.000ns
Hold  :            0  Failing Endpoints,  Worst Slack        0.121ns,  Total Violation        0.000ns
PW    :            0  Failing Endpoints,  Worst Slack        4.020ns,  Total Violation        0.000ns
---------------------------------------------------------------------------------------------------


Max Delay Paths
--------------------------------------------------------------------------------------
Slack (MET) :             5.350ns  (required time - arrival time)
  Source:                 buffered_pwm/input_buffer/wr_ptr_gray_rd2_reg[6]/C
                            (rising edge-triggered cell FDRE clocked by clk_pwm  {rise@0.000ns fall@5.000ns period=10.000ns})
  Destination:            buffered_pwm/input_buffer/empty_i_reg/D
                            (rising edge-triggered cell FDSE clocked by clk_pwm  {rise@0.000ns fall@5.000ns period=10.000ns})
  Path Group:             clk_pwm
  Path Type:              Setup (Max at Slow Process Corner)
  Requirement:            10.000ns  (clk_pwm rise@10.000ns - clk_pwm rise@0.000ns)
  Data Path Delay:        4.587ns  (logic 1.986ns (43.295%)  route 2.601ns (56.705%))
  Logic Levels:           5  (CARRY4=1 LUT4=2 LUT5=1 LUT6=1)
  Clock Path Skew:        -0.025ns (DCD - SCD + CPR)
    Destination Clock Delay (DCD):    8.697ns = ( 18.697 - 10.000 ) 
    Source Clock Delay      (SCD):    9.529ns
    Clock Pessimism Removal (CPR):    0.807ns
  Clock Uncertainty:      0.069ns  ((TSJ^2 + DJ^2)^1/2) / 2 + PE
    Total System Jitter     (TSJ):    0.071ns
    Discrete Jitter          (DJ):    0.118ns
    Phase Error              (PE):    0.000ns

    Location             Delay type                Incr(ns)  Path(ns)    Netlist Resource(s)
  -------------------------------------------------------------------    -------------------
                         (clock clk_pwm rise edge)    0.000     0.000 r  
    N18                                               0.000     0.000 r  sys_clk (IN)
                         net (fo=0)                   0.000     0.000    sys_clk
    N18                  IBUF (Prop_ibuf_I_O)         1.461     1.461 r  sys_clk_ibuffer/O
                         net (fo=1, routed)           2.205     3.666    obuf_clk
    BUFGCTRL_X0Y16       BUFG (Prop_bufg_I_O)         0.101     3.767 r  clk_gbuffer/O
                         net (fo=2, routed)           1.806     5.573    gobuf_clk
    MMCME2_ADV_X1Y0      MMCME2_ADV (Prop_mmcme2_adv_CLKIN1_CLKOUT2)
                                                      0.088     5.661 r  mmcm_adv/CLKOUT2
                         net (fo=1, routed)           1.889     7.550    clk_pwm
    BUFGCTRL_X0Y2        BUFG (Prop_bufg_I_O)         0.101     7.651 r  clk_pwm_BUFG_inst/O
                         net (fo=210, routed)         1.878     9.529    buffered_pwm/input_buffer/clk_pwm_BUFG
    SLICE_X108Y43        FDRE                                         r  buffered_pwm/input_buffer/wr_ptr_gray_rd2_reg[6]/C
  -------------------------------------------------------------------    -------------------
    SLICE_X108Y43        FDRE (Prop_fdre_C_Q)         0.518    10.047 r  buffered_pwm/input_buffer/wr_ptr_gray_rd2_reg[6]/Q
                         net (fo=4, routed)           0.874    10.921    buffered_pwm/input_buffer/p_3_in
    SLICE_X108Y43        LUT5 (Prop_lut5_I0_O)        0.146    11.067 r  buffered_pwm/input_buffer/fifo_is_empty_carry_i_10/O
                         net (fo=3, routed)           0.584    11.651    buffered_pwm/input_buffer/fifo_is_empty_carry_i_10_n_0
    SLICE_X108Y42        LUT4 (Prop_lut4_I2_O)        0.320    11.971 r  buffered_pwm/input_buffer/fifo_is_empty_carry_i_6/O
                         net (fo=1, routed)           0.427    12.399    buffered_pwm/input_buffer/fifo_is_empty_carry_i_6_n_0
    SLICE_X107Y43        LUT6 (Prop_lut6_I0_O)        0.328    12.727 r  buffered_pwm/input_buffer/fifo_is_empty_carry_i_3/O
                         net (fo=1, routed)           0.000    12.727    buffered_pwm/input_buffer/fifo_is_empty_carry_i_3_n_0
    SLICE_X107Y43        CARRY4 (Prop_carry4_S[1]_CO[3])
                                                      0.550    13.277 r  buffered_pwm/input_buffer/fifo_is_empty_carry/CO[3]
                         net (fo=1, routed)           0.716    13.992    buffered_pwm/input_buffer/fifo_is_empty
    SLICE_X107Y45        LUT4 (Prop_lut4_I3_O)        0.124    14.116 r  buffered_pwm/input_buffer/empty_i_i_1/O
                         net (fo=1, routed)           0.000    14.116    buffered_pwm/input_buffer/empty_i_i_1_n_0
    SLICE_X107Y45        FDSE                                         r  buffered_pwm/input_buffer/empty_i_reg/D
  -------------------------------------------------------------------    -------------------

                         (clock clk_pwm rise edge)   10.000    10.000 r  
    N18                                               0.000    10.000 r  sys_clk (IN)
                         net (fo=0)                   0.000    10.000    sys_clk
    N18                  IBUF (Prop_ibuf_I_O)         1.391    11.391 r  sys_clk_ibuffer/O
                         net (fo=1, routed)           2.006    13.397    obuf_clk
    BUFGCTRL_X0Y16       BUFG (Prop_bufg_I_O)         0.091    13.488 r  clk_gbuffer/O
                         net (fo=2, routed)           1.612    15.100    gobuf_clk
    MMCME2_ADV_X1Y0      MMCME2_ADV (Prop_mmcme2_adv_CLKIN1_CLKOUT2)
                                                      0.083    15.183 r  mmcm_adv/CLKOUT2
                         net (fo=1, routed)           1.725    16.908    clk_pwm
    BUFGCTRL_X0Y2        BUFG (Prop_bufg_I_O)         0.091    16.999 r  clk_pwm_BUFG_inst/O
                         net (fo=210, routed)         1.697    18.697    buffered_pwm/input_buffer/clk_pwm_BUFG
    SLICE_X107Y45        FDSE                                         r  buffered_pwm/input_buffer/empty_i_reg/C
                         clock pessimism              0.807    19.504    
                         clock uncertainty           -0.069    19.435    
    SLICE_X107Y45        FDSE (Setup_fdse_C_D)        0.031    19.466    buffered_pwm/input_buffer/empty_i_reg
  -------------------------------------------------------------------
                         required time                         19.466    
                         arrival time                         -14.116    
  -------------------------------------------------------------------
                         slack                                  5.350    





Min Delay Paths
--------------------------------------------------------------------------------------
Slack (MET) :             0.121ns  (arrival time - required time)
  Source:                 buffered_pwm/input_buffer/wr_ptr_gray_rd1_reg[9]/C
                            (rising edge-triggered cell FDRE clocked by clk_pwm  {rise@0.000ns fall@5.000ns period=10.000ns})
  Destination:            buffered_pwm/input_buffer/wr_ptr_gray_rd2_reg[9]/D
                            (rising edge-triggered cell FDRE clocked by clk_pwm  {rise@0.000ns fall@5.000ns period=10.000ns})
  Path Group:             clk_pwm
  Path Type:              Hold (Min at Fast Process Corner)
  Requirement:            0.000ns  (clk_pwm rise@0.000ns - clk_pwm rise@0.000ns)
  Data Path Delay:        0.197ns  (logic 0.141ns (71.611%)  route 0.056ns (28.389%))
  Logic Levels:           0  
  Clock Path Skew:        0.000ns (DCD - SCD - CPR)
    Destination Clock Delay (DCD):    3.609ns
    Source Clock Delay      (SCD):    2.769ns
    Clock Pessimism Removal (CPR):    0.839ns

    Location             Delay type                Incr(ns)  Path(ns)    Netlist Resource(s)
  -------------------------------------------------------------------    -------------------
                         (clock clk_pwm rise edge)    0.000     0.000 r  
    N18                                               0.000     0.000 r  sys_clk (IN)
                         net (fo=0)                   0.000     0.000    sys_clk
    N18                  IBUF (Prop_ibuf_I_O)         0.229     0.229 r  sys_clk_ibuffer/O
                         net (fo=1, routed)           0.674     0.903    obuf_clk
    BUFGCTRL_X0Y16       BUFG (Prop_bufg_I_O)         0.026     0.929 r  clk_gbuffer/O
                         net (fo=2, routed)           0.597     1.526    gobuf_clk
    MMCME2_ADV_X1Y0      MMCME2_ADV (Prop_mmcme2_adv_CLKIN1_CLKOUT2)
                                                      0.050     1.576 r  mmcm_adv/CLKOUT2
                         net (fo=1, routed)           0.529     2.105    clk_pwm
    BUFGCTRL_X0Y2        BUFG (Prop_bufg_I_O)         0.026     2.131 r  clk_pwm_BUFG_inst/O
                         net (fo=210, routed)         0.639     2.769    buffered_pwm/input_buffer/clk_pwm_BUFG
    SLICE_X109Y43        FDRE                                         r  buffered_pwm/input_buffer/wr_ptr_gray_rd1_reg[9]/C
  -------------------------------------------------------------------    -------------------
    SLICE_X109Y43        FDRE (Prop_fdre_C_Q)         0.141     2.910 r  buffered_pwm/input_buffer/wr_ptr_gray_rd1_reg[9]/Q
                         net (fo=1, routed)           0.056     2.966    buffered_pwm/input_buffer/wr_ptr_gray_rd1[9]
    SLICE_X109Y43        FDRE                                         r  buffered_pwm/input_buffer/wr_ptr_gray_rd2_reg[9]/D
  -------------------------------------------------------------------    -------------------

                         (clock clk_pwm rise edge)    0.000     0.000 r  
    N18                                               0.000     0.000 r  sys_clk (IN)
                         net (fo=0)                   0.000     0.000    sys_clk
    N18                  IBUF (Prop_ibuf_I_O)         0.417     0.417 r  sys_clk_ibuffer/O
                         net (fo=1, routed)           0.731     1.148    obuf_clk
    BUFGCTRL_X0Y16       BUFG (Prop_bufg_I_O)         0.029     1.177 r  clk_gbuffer/O
                         net (fo=2, routed)           0.864     2.041    gobuf_clk
    MMCME2_ADV_X1Y0      MMCME2_ADV (Prop_mmcme2_adv_CLKIN1_CLKOUT2)
                                                      0.053     2.094 r  mmcm_adv/CLKOUT2
                         net (fo=1, routed)           0.576     2.670    clk_pwm
    BUFGCTRL_X0Y2        BUFG (Prop_bufg_I_O)         0.029     2.699 r  clk_pwm_BUFG_inst/O
                         net (fo=210, routed)         0.910     3.609    buffered_pwm/input_buffer/clk_pwm_BUFG
    SLICE_X109Y43        FDRE                                         r  buffered_pwm/input_buffer/wr_ptr_gray_rd2_reg[9]/C
                         clock pessimism             -0.839     2.769    
    SLICE_X109Y43        FDRE (Hold_fdre_C_D)         0.076     2.845    buffered_pwm/input_buffer/wr_ptr_gray_rd2_reg[9]
  -------------------------------------------------------------------
                         required time                         -2.845    
                         arrival time                           2.966    
  -------------------------------------------------------------------
                         slack                                  0.121    





Pulse Width Checks
--------------------------------------------------------------------------------------
Clock Name:         clk_pwm
Waveform(ns):       { 0.000 5.000 }
Period(ns):         10.000
Sources:            { mmcm_adv/CLKOUT2 }

Check Type        Corner  Lib Pin             Reference Pin  Required(ns)  Actual(ns)  Slack(ns)  Location         Pin
Min Period        n/a     RAMB18E1/CLKBWRCLK  n/a            2.576         10.000      7.424      RAMB18_X5Y18     buffered_pwm/input_buffer/memory_reg/CLKBWRCLK
Max Period        n/a     MMCME2_ADV/CLKOUT2  n/a            213.360       10.000      203.360    MMCME2_ADV_X1Y0  mmcm_adv/CLKOUT2
Low Pulse Width   Slow    SRL16E/CLK          n/a            0.980         5.000       4.020      SLICE_X104Y55    buffered_pwm/rst_sync_reg[2]_srl3/CLK
High Pulse Width  Fast    SRL16E/CLK          n/a            0.980         5.000       4.020      SLICE_X104Y55    buffered_pwm/rst_sync_reg[2]_srl3/CLK



---------------------------------------------------------------------------------------------------
From Clock:  mmcm_fb_in
  To Clock:  mmcm_fb_in

Setup :           NA  Failing Endpoints,  Worst Slack           NA  ,  Total Violation           NA
Hold  :           NA  Failing Endpoints,  Worst Slack           NA  ,  Total Violation           NA
PW    :            0  Failing Endpoints,  Worst Slack        8.751ns,  Total Violation        0.000ns
---------------------------------------------------------------------------------------------------


Pulse Width Checks
--------------------------------------------------------------------------------------
Clock Name:         mmcm_fb_in
Waveform(ns):       { 0.000 5.000 }
Period(ns):         10.000
Sources:            { mmcm_adv/CLKFBOUT }

Check Type  Corner  Lib Pin              Reference Pin  Required(ns)  Actual(ns)  Slack(ns)  Location         Pin
Min Period  n/a     MMCME2_ADV/CLKFBOUT  n/a            1.249         10.000      8.751      MMCME2_ADV_X1Y0  mmcm_adv/CLKFBOUT
Max Period  n/a     MMCME2_ADV/CLKFBIN   n/a            100.000       10.000      90.000     MMCME2_ADV_X1Y0  mmcm_adv/CLKFBIN



---------------------------------------------------------------------------------------------------
From Clock:  CLKOUT1
  To Clock:  dbg_hub/inst/BSCANID.u_xsdbm_id/SWITCH_N_EXT_BSCAN.bscan_inst/SERIES7_BSCAN.bscan_inst/TCK

Setup :            0  Failing Endpoints,  Worst Slack       18.703ns,  Total Violation        0.000ns
Hold  :           NA  Failing Endpoints,  Worst Slack           NA  ,  Total Violation           NA
---------------------------------------------------------------------------------------------------


Max Delay Paths
--------------------------------------------------------------------------------------
Slack (MET) :             18.703ns  (required time - arrival time)
  Source:                 dbg_hub/inst/BSCANID.u_xsdbm_id/CORE_XSDB.UUT_MASTER/U_ICON_INTERFACE/U_CMD6_WR/U_WR_FIFO/SUBCORE_FIFO.xsdbm_v3_0_0_wrfifo_inst/inst_fifo_gen/gconvfifo.rf/grf.rf/gntv_or_sync_fifo.gcx.clkx/gnxpm_cdc.rd_pntr_gc_reg[0]/C
                            (rising edge-triggered cell FDCE clocked by CLKOUT1  {rise@0.000ns fall@10.000ns period=20.000ns})
  Destination:            dbg_hub/inst/BSCANID.u_xsdbm_id/CORE_XSDB.UUT_MASTER/U_ICON_INTERFACE/U_CMD6_WR/U_WR_FIFO/SUBCORE_FIFO.xsdbm_v3_0_0_wrfifo_inst/inst_fifo_gen/gconvfifo.rf/grf.rf/gntv_or_sync_fifo.gcx.clkx/gnxpm_cdc.gsync_stage[1].wr_stg_inst/Q_reg_reg[0]/D
                            (rising edge-triggered cell FDCE clocked by dbg_hub/inst/BSCANID.u_xsdbm_id/SWITCH_N_EXT_BSCAN.bscan_inst/SERIES7_BSCAN.bscan_inst/TCK  {rise@0.000ns fall@16.500ns period=33.000ns})
  Path Group:             dbg_hub/inst/BSCANID.u_xsdbm_id/SWITCH_N_EXT_BSCAN.bscan_inst/SERIES7_BSCAN.bscan_inst/TCK
  Path Type:              Setup (Max at Slow Process Corner)
  Requirement:            20.000ns  (MaxDelay Path 20.000ns)
  Data Path Delay:        1.029ns  (logic 0.419ns (40.731%)  route 0.610ns (59.269%))
  Logic Levels:           0  
  Timing Exception:       MaxDelay Path 20.000ns -datapath_only

    Location             Delay type                Incr(ns)  Path(ns)    Netlist Resource(s)
  -------------------------------------------------------------------    -------------------
    SLICE_X84Y69                                      0.000     0.000 r  dbg_hub/inst/BSCANID.u_xsdbm_id/CORE_XSDB.UUT_MASTER/U_ICON_INTERFACE/U_CMD6_WR/U_WR_FIFO/SUBCORE_FIFO.xsdbm_v3_0_0_wrfifo_inst/inst_fifo_gen/gconvfifo.rf/grf.rf/gntv_or_sync_fifo.gcx.clkx/gnxpm_cdc.rd_pntr_gc_reg[0]/C
    SLICE_X84Y69         FDCE (Prop_fdce_C_Q)         0.419     0.419 r  dbg_hub/inst/BSCANID.u_xsdbm_id/CORE_XSDB.UUT_MASTER/U_ICON_INTERFACE/U_CMD6_WR/U_WR_FIFO/SUBCORE_FIFO.xsdbm_v3_0_0_wrfifo_inst/inst_fifo_gen/gconvfifo.rf/grf.rf/gntv_or_sync_fifo.gcx.clkx/gnxpm_cdc.rd_pntr_gc_reg[0]/Q
                         net (fo=1, routed)           0.610     1.029    dbg_hub/inst/BSCANID.u_xsdbm_id/CORE_XSDB.UUT_MASTER/U_ICON_INTERFACE/U_CMD6_WR/U_WR_FIFO/SUBCORE_FIFO.xsdbm_v3_0_0_wrfifo_inst/inst_fifo_gen/gconvfifo.rf/grf.rf/gntv_or_sync_fifo.gcx.clkx/gnxpm_cdc.gsync_stage[1].wr_stg_inst/Q[0]
    SLICE_X83Y69         FDCE                                         r  dbg_hub/inst/BSCANID.u_xsdbm_id/CORE_XSDB.UUT_MASTER/U_ICON_INTERFACE/U_CMD6_WR/U_WR_FIFO/SUBCORE_FIFO.xsdbm_v3_0_0_wrfifo_inst/inst_fifo_gen/gconvfifo.rf/grf.rf/gntv_or_sync_fifo.gcx.clkx/gnxpm_cdc.gsync_stage[1].wr_stg_inst/Q_reg_reg[0]/D
  -------------------------------------------------------------------    -------------------

                         max delay                   20.000    20.000    
    SLICE_X83Y69         FDCE (Setup_fdce_C_D)       -0.268    19.732    dbg_hub/inst/BSCANID.u_xsdbm_id/CORE_XSDB.UUT_MASTER/U_ICON_INTERFACE/U_CMD6_WR/U_WR_FIFO/SUBCORE_FIFO.xsdbm_v3_0_0_wrfifo_inst/inst_fifo_gen/gconvfifo.rf/grf.rf/gntv_or_sync_fifo.gcx.clkx/gnxpm_cdc.gsync_stage[1].wr_stg_inst/Q_reg_reg[0]
  -------------------------------------------------------------------
                         required time                         19.732    
                         arrival time                          -1.029    
  -------------------------------------------------------------------
                         slack                                 18.703    





---------------------------------------------------------------------------------------------------
From Clock:  dbg_hub/inst/BSCANID.u_xsdbm_id/SWITCH_N_EXT_BSCAN.bscan_inst/SERIES7_BSCAN.bscan_inst/TCK
  To Clock:  CLKOUT1

Setup :            0  Failing Endpoints,  Worst Slack       31.725ns,  Total Violation        0.000ns
Hold  :           NA  Failing Endpoints,  Worst Slack           NA  ,  Total Violation           NA
---------------------------------------------------------------------------------------------------


Max Delay Paths
--------------------------------------------------------------------------------------
Slack (MET) :             31.725ns  (required time - arrival time)
  Source:                 dbg_hub/inst/BSCANID.u_xsdbm_id/CORE_XSDB.UUT_MASTER/U_ICON_INTERFACE/U_CMD6_WR/U_WR_FIFO/SUBCORE_FIFO.xsdbm_v3_0_0_wrfifo_inst/inst_fifo_gen/gconvfifo.rf/grf.rf/gntv_or_sync_fifo.gcx.clkx/gnxpm_cdc.wr_pntr_gc_reg[2]/C
                            (rising edge-triggered cell FDCE clocked by dbg_hub/inst/BSCANID.u_xsdbm_id/SWITCH_N_EXT_BSCAN.bscan_inst/SERIES7_BSCAN.bscan_inst/TCK  {rise@0.000ns fall@16.500ns period=33.000ns})
  Destination:            dbg_hub/inst/BSCANID.u_xsdbm_id/CORE_XSDB.UUT_MASTER/U_ICON_INTERFACE/U_CMD6_WR/U_WR_FIFO/SUBCORE_FIFO.xsdbm_v3_0_0_wrfifo_inst/inst_fifo_gen/gconvfifo.rf/grf.rf/gntv_or_sync_fifo.gcx.clkx/gnxpm_cdc.gsync_stage[1].rd_stg_inst/Q_reg_reg[2]/D
                            (rising edge-triggered cell FDCE clocked by CLKOUT1  {rise@0.000ns fall@10.000ns period=20.000ns})
  Path Group:             CLKOUT1
  Path Type:              Setup (Max at Slow Process Corner)
  Requirement:            33.000ns  (MaxDelay Path 33.000ns)
  Data Path Delay:        1.007ns  (logic 0.419ns (41.616%)  route 0.588ns (58.384%))
  Logic Levels:           0  
  Timing Exception:       MaxDelay Path 33.000ns -datapath_only

    Location             Delay type                Incr(ns)  Path(ns)    Netlist Resource(s)
  -------------------------------------------------------------------    -------------------
    SLICE_X83Y68                                      0.000     0.000 r  dbg_hub/inst/BSCANID.u_xsdbm_id/CORE_XSDB.UUT_MASTER/U_ICON_INTERFACE/U_CMD6_WR/U_WR_FIFO/SUBCORE_FIFO.xsdbm_v3_0_0_wrfifo_inst/inst_fifo_gen/gconvfifo.rf/grf.rf/gntv_or_sync_fifo.gcx.clkx/gnxpm_cdc.wr_pntr_gc_reg[2]/C
    SLICE_X83Y68         FDCE (Prop_fdce_C_Q)         0.419     0.419 r  dbg_hub/inst/BSCANID.u_xsdbm_id/CORE_XSDB.UUT_MASTER/U_ICON_INTERFACE/U_CMD6_WR/U_WR_FIFO/SUBCORE_FIFO.xsdbm_v3_0_0_wrfifo_inst/inst_fifo_gen/gconvfifo.rf/grf.rf/gntv_or_sync_fifo.gcx.clkx/gnxpm_cdc.wr_pntr_gc_reg[2]/Q
                         net (fo=1, routed)           0.588     1.007    dbg_hub/inst/BSCANID.u_xsdbm_id/CORE_XSDB.UUT_MASTER/U_ICON_INTERFACE/U_CMD6_WR/U_WR_FIFO/SUBCORE_FIFO.xsdbm_v3_0_0_wrfifo_inst/inst_fifo_gen/gconvfifo.rf/grf.rf/gntv_or_sync_fifo.gcx.clkx/gnxpm_cdc.gsync_stage[1].rd_stg_inst/Q[2]
    SLICE_X84Y67         FDCE                                         r  dbg_hub/inst/BSCANID.u_xsdbm_id/CORE_XSDB.UUT_MASTER/U_ICON_INTERFACE/U_CMD6_WR/U_WR_FIFO/SUBCORE_FIFO.xsdbm_v3_0_0_wrfifo_inst/inst_fifo_gen/gconvfifo.rf/grf.rf/gntv_or_sync_fifo.gcx.clkx/gnxpm_cdc.gsync_stage[1].rd_stg_inst/Q_reg_reg[2]/D
  -------------------------------------------------------------------    -------------------

                         max delay                   33.000    33.000    
    SLICE_X84Y67         FDCE (Setup_fdce_C_D)       -0.268    32.732    dbg_hub/inst/BSCANID.u_xsdbm_id/CORE_XSDB.UUT_MASTER/U_ICON_INTERFACE/U_CMD6_WR/U_WR_FIFO/SUBCORE_FIFO.xsdbm_v3_0_0_wrfifo_inst/inst_fifo_gen/gconvfifo.rf/grf.rf/gntv_or_sync_fifo.gcx.clkx/gnxpm_cdc.gsync_stage[1].rd_stg_inst/Q_reg_reg[2]
  -------------------------------------------------------------------
                         required time                         32.732    
                         arrival time                          -1.007    
  -------------------------------------------------------------------
                         slack                                 31.725    





---------------------------------------------------------------------------------------------------
From Clock:  clk_pwm
  To Clock:  CLKOUT1

Setup :            0  Failing Endpoints,  Worst Slack        6.500ns,  Total Violation        0.000ns
Hold  :            0  Failing Endpoints,  Worst Slack        0.166ns,  Total Violation        0.000ns
---------------------------------------------------------------------------------------------------


Max Delay Paths
--------------------------------------------------------------------------------------
Slack (MET) :             6.500ns  (required time - arrival time)
  Source:                 buffered_pwm/channels_gen[2].pwm_ich/dead_time_ctrl/pwm_out_reg_reg/C
                            (rising edge-triggered cell FDRE clocked by clk_pwm  {rise@0.000ns fall@5.000ns period=10.000ns})
  Destination:            debug_gen.debug_ila/inst/ila_core_inst/shifted_data_in_reg[7][14]_srl8/D
                            (rising edge-triggered cell SRL16E clocked by CLKOUT1  {rise@0.000ns fall@10.000ns period=20.000ns})
  Path Group:             CLKOUT1
  Path Type:              Setup (Max at Slow Process Corner)
  Requirement:            10.000ns  (CLKOUT1 rise@20.000ns - clk_pwm rise@10.000ns)
  Data Path Delay:        2.855ns  (logic 0.773ns (27.074%)  route 2.082ns (72.926%))
  Logic Levels:           1  (LUT4=1)
  Clock Path Skew:        -0.429ns (DCD - SCD + CPR)
    Destination Clock Delay (DCD):    8.607ns = ( 28.607 - 20.000 ) 
    Source Clock Delay      (SCD):    9.514ns = ( 19.514 - 10.000 ) 
    Clock Pessimism Removal (CPR):    0.478ns
  Clock Uncertainty:      0.196ns  ((TSJ^2 + DJ^2)^1/2) / 2 + PE
    Total System Jitter     (TSJ):    0.071ns
    Discrete Jitter          (DJ):    0.135ns
    Phase Error              (PE):    0.120ns

    Location             Delay type                Incr(ns)  Path(ns)    Netlist Resource(s)
  -------------------------------------------------------------------    -------------------
                         (clock clk_pwm rise edge)   10.000    10.000 r  
    N18                                               0.000    10.000 r  sys_clk (IN)
                         net (fo=0)                   0.000    10.000    sys_clk
    N18                  IBUF (Prop_ibuf_I_O)         1.461    11.461 r  sys_clk_ibuffer/O
                         net (fo=1, routed)           2.205    13.666    obuf_clk
    BUFGCTRL_X0Y16       BUFG (Prop_bufg_I_O)         0.101    13.767 r  clk_gbuffer/O
                         net (fo=2, routed)           1.806    15.573    gobuf_clk
    MMCME2_ADV_X1Y0      MMCME2_ADV (Prop_mmcme2_adv_CLKIN1_CLKOUT2)
                                                      0.088    15.661 r  mmcm_adv/CLKOUT2
                         net (fo=1, routed)           1.889    17.550    clk_pwm
    BUFGCTRL_X0Y2        BUFG (Prop_bufg_I_O)         0.101    17.651 r  clk_pwm_BUFG_inst/O
                         net (fo=210, routed)         1.863    19.514    buffered_pwm/channels_gen[2].pwm_ich/dead_time_ctrl/clk_pwm_BUFG
    SLICE_X108Y61        FDRE                                         r  buffered_pwm/channels_gen[2].pwm_ich/dead_time_ctrl/pwm_out_reg_reg/C
  -------------------------------------------------------------------    -------------------
    SLICE_X108Y61        FDRE (Prop_fdre_C_Q)         0.478    19.992 r  buffered_pwm/channels_gen[2].pwm_ich/dead_time_ctrl/pwm_out_reg_reg/Q
                         net (fo=1, routed)           0.568    20.560    buffered_pwm/channels_gen[2].pwm_ich/dead_time_ctrl/pwm_out_reg_reg_n_0
    SLICE_X107Y61        LUT4 (Prop_lut4_I0_O)        0.295    20.855 r  buffered_pwm/channels_gen[2].pwm_ich/dead_time_ctrl/pwm_obufs[2].pwm_channel_obuf_i_1/O
                         net (fo=3, routed)           1.515    22.369    debug_gen.debug_ila/inst/ila_core_inst/probe2[2]
    SLICE_X90Y54         SRL16E                                       r  debug_gen.debug_ila/inst/ila_core_inst/shifted_data_in_reg[7][14]_srl8/D
  -------------------------------------------------------------------    -------------------

                         (clock CLKOUT1 rise edge)   20.000    20.000 r  
    N18                                               0.000    20.000 r  sys_clk (IN)
                         net (fo=0)                   0.000    20.000    sys_clk
    N18                  IBUF (Prop_ibuf_I_O)         1.391    21.391 r  sys_clk_ibuffer/O
                         net (fo=1, routed)           2.006    23.397    obuf_clk
    BUFGCTRL_X0Y16       BUFG (Prop_bufg_I_O)         0.091    23.488 r  clk_gbuffer/O
                         net (fo=2, routed)           1.612    25.100    gobuf_clk
    MMCME2_ADV_X1Y0      MMCME2_ADV (Prop_mmcme2_adv_CLKIN1_CLKOUT1)
                                                      0.083    25.183 r  mmcm_adv/CLKOUT1
                         net (fo=1, routed)           1.725    26.908    CLKOUT1
    BUFGCTRL_X0Y0        BUFG (Prop_bufg_I_O)         0.091    26.999 r  CLKOUT1_BUFG_inst/O
                         net (fo=2177, routed)        1.608    28.607    debug_gen.debug_ila/inst/ila_core_inst/I_IS_TERMINATION_SLICE_W_OUTPUT_REG.DOUT_O_reg
    SLICE_X90Y54         SRL16E                                       r  debug_gen.debug_ila/inst/ila_core_inst/shifted_data_in_reg[7][14]_srl8/CLK
                         clock pessimism              0.478    29.085    
                         clock uncertainty           -0.196    28.889    
    SLICE_X90Y54         SRL16E (Setup_srl16e_CLK_D)
                                                     -0.019    28.870    debug_gen.debug_ila/inst/ila_core_inst/shifted_data_in_reg[7][14]_srl8
  -------------------------------------------------------------------
                         required time                         28.870    
                         arrival time                         -22.369    
  -------------------------------------------------------------------
                         slack                                  6.500    





Min Delay Paths
--------------------------------------------------------------------------------------
Slack (MET) :             0.166ns  (arrival time - required time)
  Source:                 buffered_pwm/input_buffer/rd_ptr_gray_reg[2]/C
                            (rising edge-triggered cell FDRE clocked by clk_pwm  {rise@0.000ns fall@5.000ns period=10.000ns})
  Destination:            buffered_pwm/input_buffer/rd_ptr_gray_wr1_reg[2]/D
                            (rising edge-triggered cell FDRE clocked by CLKOUT1  {rise@0.000ns fall@10.000ns period=20.000ns})
  Path Group:             CLKOUT1
  Path Type:              Hold (Min at Fast Process Corner)
  Requirement:            0.000ns  (CLKOUT1 rise@0.000ns - clk_pwm rise@0.000ns)
  Data Path Delay:        0.689ns  (logic 0.128ns (18.589%)  route 0.561ns (81.411%))
  Logic Levels:           0  
  Clock Path Skew:        0.293ns (DCD - SCD - CPR)
    Destination Clock Delay (DCD):    3.581ns
    Source Clock Delay      (SCD):    2.769ns
    Clock Pessimism Removal (CPR):    0.518ns
  Clock Uncertainty:      0.196ns  ((TSJ^2 + DJ^2)^1/2) / 2 + PE
    Total System Jitter     (TSJ):    0.071ns
    Discrete Jitter          (DJ):    0.135ns
    Phase Error              (PE):    0.120ns

    Location             Delay type                Incr(ns)  Path(ns)    Netlist Resource(s)
  -------------------------------------------------------------------    -------------------
                         (clock clk_pwm rise edge)    0.000     0.000 r  
    N18                                               0.000     0.000 r  sys_clk (IN)
                         net (fo=0)                   0.000     0.000    sys_clk
    N18                  IBUF (Prop_ibuf_I_O)         0.229     0.229 r  sys_clk_ibuffer/O
                         net (fo=1, routed)           0.674     0.903    obuf_clk
    BUFGCTRL_X0Y16       BUFG (Prop_bufg_I_O)         0.026     0.929 r  clk_gbuffer/O
                         net (fo=2, routed)           0.597     1.526    gobuf_clk
    MMCME2_ADV_X1Y0      MMCME2_ADV (Prop_mmcme2_adv_CLKIN1_CLKOUT2)
                                                      0.050     1.576 r  mmcm_adv/CLKOUT2
                         net (fo=1, routed)           0.529     2.105    clk_pwm
    BUFGCTRL_X0Y2        BUFG (Prop_bufg_I_O)         0.026     2.131 r  clk_pwm_BUFG_inst/O
                         net (fo=210, routed)         0.639     2.769    buffered_pwm/input_buffer/clk_pwm_BUFG
    SLICE_X106Y44        FDRE                                         r  buffered_pwm/input_buffer/rd_ptr_gray_reg[2]/C
  -------------------------------------------------------------------    -------------------
    SLICE_X106Y44        FDRE (Prop_fdre_C_Q)         0.128     2.897 r  buffered_pwm/input_buffer/rd_ptr_gray_reg[2]/Q
                         net (fo=1, routed)           0.561     3.458    buffered_pwm/input_buffer/rd_ptr_gray[2]
    SLICE_X102Y44        FDRE                                         r  buffered_pwm/input_buffer/rd_ptr_gray_wr1_reg[2]/D
  -------------------------------------------------------------------    -------------------

                         (clock CLKOUT1 rise edge)    0.000     0.000 r  
    N18                                               0.000     0.000 r  sys_clk (IN)
                         net (fo=0)                   0.000     0.000    sys_clk
    N18                  IBUF (Prop_ibuf_I_O)         0.417     0.417 r  sys_clk_ibuffer/O
                         net (fo=1, routed)           0.731     1.148    obuf_clk
    BUFGCTRL_X0Y16       BUFG (Prop_bufg_I_O)         0.029     1.177 r  clk_gbuffer/O
                         net (fo=2, routed)           0.864     2.041    gobuf_clk
    MMCME2_ADV_X1Y0      MMCME2_ADV (Prop_mmcme2_adv_CLKIN1_CLKOUT1)
                                                      0.053     2.094 r  mmcm_adv/CLKOUT1
                         net (fo=1, routed)           0.576     2.670    CLKOUT1
    BUFGCTRL_X0Y0        BUFG (Prop_bufg_I_O)         0.029     2.699 r  CLKOUT1_BUFG_inst/O
                         net (fo=2177, routed)        0.882     3.581    buffered_pwm/input_buffer/CLKOUT1_BUFG
    SLICE_X102Y44        FDRE                                         r  buffered_pwm/input_buffer/rd_ptr_gray_wr1_reg[2]/C
                         clock pessimism             -0.518     3.063    
                         clock uncertainty            0.196     3.259    
    SLICE_X102Y44        FDRE (Hold_fdre_C_D)         0.033     3.292    buffered_pwm/input_buffer/rd_ptr_gray_wr1_reg[2]
  -------------------------------------------------------------------
                         required time                         -3.292    
                         arrival time                           3.458    
  -------------------------------------------------------------------
                         slack                                  0.166    





---------------------------------------------------------------------------------------------------
From Clock:  CLKOUT1
  To Clock:  clk_pwm

Setup :            0  Failing Endpoints,  Worst Slack        6.590ns,  Total Violation        0.000ns
Hold  :            0  Failing Endpoints,  Worst Slack        0.184ns,  Total Violation        0.000ns
---------------------------------------------------------------------------------------------------


Max Delay Paths
--------------------------------------------------------------------------------------
Slack (MET) :             6.590ns  (required time - arrival time)
  Source:                 rst_shreg_reg[2]/C
                            (rising edge-triggered cell FDSE clocked by CLKOUT1  {rise@0.000ns fall@10.000ns period=20.000ns})
  Destination:            buffered_pwm/rst_sync_reg[2]_srl3/D
                            (rising edge-triggered cell SRL16E clocked by clk_pwm  {rise@0.000ns fall@5.000ns period=10.000ns})
  Path Group:             clk_pwm
  Path Type:              Setup (Max at Slow Process Corner)
  Requirement:            10.000ns  (clk_pwm rise@10.000ns - CLKOUT1 rise@0.000ns)
  Data Path Delay:        2.820ns  (logic 0.518ns (18.369%)  route 2.302ns (81.631%))
  Logic Levels:           0  
  Clock Path Skew:        -0.350ns (DCD - SCD + CPR)
    Destination Clock Delay (DCD):    8.611ns = ( 18.611 - 10.000 ) 
    Source Clock Delay      (SCD):    9.439ns
    Clock Pessimism Removal (CPR):    0.478ns
  Clock Uncertainty:      0.196ns  ((TSJ^2 + DJ^2)^1/2) / 2 + PE
    Total System Jitter     (TSJ):    0.071ns
    Discrete Jitter          (DJ):    0.135ns
    Phase Error              (PE):    0.120ns

    Location             Delay type                Incr(ns)  Path(ns)    Netlist Resource(s)
  -------------------------------------------------------------------    -------------------
                         (clock CLKOUT1 rise edge)    0.000     0.000 r  
    N18                                               0.000     0.000 r  sys_clk (IN)
                         net (fo=0)                   0.000     0.000    sys_clk
    N18                  IBUF (Prop_ibuf_I_O)         1.461     1.461 r  sys_clk_ibuffer/O
                         net (fo=1, routed)           2.205     3.666    obuf_clk
    BUFGCTRL_X0Y16       BUFG (Prop_bufg_I_O)         0.101     3.767 r  clk_gbuffer/O
                         net (fo=2, routed)           1.806     5.573    gobuf_clk
    MMCME2_ADV_X1Y0      MMCME2_ADV (Prop_mmcme2_adv_CLKIN1_CLKOUT1)
                                                      0.088     5.661 r  mmcm_adv/CLKOUT1
                         net (fo=1, routed)           1.889     7.550    CLKOUT1
    BUFGCTRL_X0Y0        BUFG (Prop_bufg_I_O)         0.101     7.651 r  CLKOUT1_BUFG_inst/O
                         net (fo=2177, routed)        1.788     9.439    CLKOUT1_BUFG
    SLICE_X100Y55        FDSE                                         r  rst_shreg_reg[2]/C
  -------------------------------------------------------------------    -------------------
    SLICE_X100Y55        FDSE (Prop_fdse_C_Q)         0.518     9.957 r  rst_shreg_reg[2]/Q
                         net (fo=212, routed)         2.302    12.259    buffered_pwm/Q[0]
    SLICE_X104Y55        SRL16E                                       r  buffered_pwm/rst_sync_reg[2]_srl3/D
  -------------------------------------------------------------------    -------------------

                         (clock clk_pwm rise edge)   10.000    10.000 r  
    N18                                               0.000    10.000 r  sys_clk (IN)
                         net (fo=0)                   0.000    10.000    sys_clk
    N18                  IBUF (Prop_ibuf_I_O)         1.391    11.391 r  sys_clk_ibuffer/O
                         net (fo=1, routed)           2.006    13.397    obuf_clk
    BUFGCTRL_X0Y16       BUFG (Prop_bufg_I_O)         0.091    13.488 r  clk_gbuffer/O
                         net (fo=2, routed)           1.612    15.100    gobuf_clk
    MMCME2_ADV_X1Y0      MMCME2_ADV (Prop_mmcme2_adv_CLKIN1_CLKOUT2)
                                                      0.083    15.183 r  mmcm_adv/CLKOUT2
                         net (fo=1, routed)           1.725    16.908    clk_pwm
    BUFGCTRL_X0Y2        BUFG (Prop_bufg_I_O)         0.091    16.999 r  clk_pwm_BUFG_inst/O
                         net (fo=210, routed)         1.612    18.611    buffered_pwm/clk_pwm_BUFG
    SLICE_X104Y55        SRL16E                                       r  buffered_pwm/rst_sync_reg[2]_srl3/CLK
                         clock pessimism              0.478    19.089    
                         clock uncertainty           -0.196    18.893    
    SLICE_X104Y55        SRL16E (Setup_srl16e_CLK_D)
                                                     -0.044    18.849    buffered_pwm/rst_sync_reg[2]_srl3
  -------------------------------------------------------------------
                         required time                         18.849    
                         arrival time                         -12.259    
  -------------------------------------------------------------------
                         slack                                  6.590    





Min Delay Paths
--------------------------------------------------------------------------------------
Slack (MET) :             0.184ns  (arrival time - required time)
  Source:                 buffered_pwm/input_buffer/wr_ptr_gray_reg[5]/C
                            (rising edge-triggered cell FDRE clocked by CLKOUT1  {rise@0.000ns fall@10.000ns period=20.000ns})
  Destination:            buffered_pwm/input_buffer/wr_ptr_gray_rd1_reg[5]/D
                            (rising edge-triggered cell FDRE clocked by clk_pwm  {rise@0.000ns fall@5.000ns period=10.000ns})
  Path Group:             clk_pwm
  Path Type:              Hold (Min at Fast Process Corner)
  Requirement:            0.000ns  (clk_pwm rise@0.000ns - CLKOUT1 rise@0.000ns)
  Data Path Delay:        0.798ns  (logic 0.164ns (20.552%)  route 0.634ns (79.448%))
  Logic Levels:           0  
  Clock Path Skew:        0.347ns (DCD - SCD - CPR)
    Destination Clock Delay (DCD):    3.608ns
    Source Clock Delay      (SCD):    2.742ns
    Clock Pessimism Removal (CPR):    0.518ns
  Clock Uncertainty:      0.196ns  ((TSJ^2 + DJ^2)^1/2) / 2 + PE
    Total System Jitter     (TSJ):    0.071ns
    Discrete Jitter          (DJ):    0.135ns
    Phase Error              (PE):    0.120ns

    Location             Delay type                Incr(ns)  Path(ns)    Netlist Resource(s)
  -------------------------------------------------------------------    -------------------
                         (clock CLKOUT1 rise edge)    0.000     0.000 r  
    N18                                               0.000     0.000 r  sys_clk (IN)
                         net (fo=0)                   0.000     0.000    sys_clk
    N18                  IBUF (Prop_ibuf_I_O)         0.229     0.229 r  sys_clk_ibuffer/O
                         net (fo=1, routed)           0.674     0.903    obuf_clk
    BUFGCTRL_X0Y16       BUFG (Prop_bufg_I_O)         0.026     0.929 r  clk_gbuffer/O
                         net (fo=2, routed)           0.597     1.526    gobuf_clk
    MMCME2_ADV_X1Y0      MMCME2_ADV (Prop_mmcme2_adv_CLKIN1_CLKOUT1)
                                                      0.050     1.576 r  mmcm_adv/CLKOUT1
                         net (fo=1, routed)           0.529     2.105    CLKOUT1
    BUFGCTRL_X0Y0        BUFG (Prop_bufg_I_O)         0.026     2.131 r  CLKOUT1_BUFG_inst/O
                         net (fo=2177, routed)        0.612     2.742    buffered_pwm/input_buffer/CLKOUT1_BUFG
    SLICE_X104Y45        FDRE                                         r  buffered_pwm/input_buffer/wr_ptr_gray_reg[5]/C
  -------------------------------------------------------------------    -------------------
    SLICE_X104Y45        FDRE (Prop_fdre_C_Q)         0.164     2.906 r  buffered_pwm/input_buffer/wr_ptr_gray_reg[5]/Q
                         net (fo=1, routed)           0.634     3.540    buffered_pwm/input_buffer/wr_ptr_gray[5]
    SLICE_X106Y42        FDRE                                         r  buffered_pwm/input_buffer/wr_ptr_gray_rd1_reg[5]/D
  -------------------------------------------------------------------    -------------------

                         (clock clk_pwm rise edge)    0.000     0.000 r  
    N18                                               0.000     0.000 r  sys_clk (IN)
                         net (fo=0)                   0.000     0.000    sys_clk
    N18                  IBUF (Prop_ibuf_I_O)         0.417     0.417 r  sys_clk_ibuffer/O
                         net (fo=1, routed)           0.731     1.148    obuf_clk
    BUFGCTRL_X0Y16       BUFG (Prop_bufg_I_O)         0.029     1.177 r  clk_gbuffer/O
                         net (fo=2, routed)           0.864     2.041    gobuf_clk
    MMCME2_ADV_X1Y0      MMCME2_ADV (Prop_mmcme2_adv_CLKIN1_CLKOUT2)
                                                      0.053     2.094 r  mmcm_adv/CLKOUT2
                         net (fo=1, routed)           0.576     2.670    clk_pwm
    BUFGCTRL_X0Y2        BUFG (Prop_bufg_I_O)         0.029     2.699 r  clk_pwm_BUFG_inst/O
                         net (fo=210, routed)         0.909     3.608    buffered_pwm/input_buffer/clk_pwm_BUFG
    SLICE_X106Y42        FDRE                                         r  buffered_pwm/input_buffer/wr_ptr_gray_rd1_reg[5]/C
                         clock pessimism             -0.518     3.090    
                         clock uncertainty            0.196     3.286    
    SLICE_X106Y42        FDRE (Hold_fdre_C_D)         0.070     3.356    buffered_pwm/input_buffer/wr_ptr_gray_rd1_reg[5]
  -------------------------------------------------------------------
                         required time                         -3.356    
                         arrival time                           3.540    
  -------------------------------------------------------------------
                         slack                                  0.184    





---------------------------------------------------------------------------------------------------
Path Group:  **async_default**
From Clock:  CLKOUT1
  To Clock:  CLKOUT1

Setup :            0  Failing Endpoints,  Worst Slack       15.027ns,  Total Violation        0.000ns
Hold  :            0  Failing Endpoints,  Worst Slack        0.365ns,  Total Violation        0.000ns
---------------------------------------------------------------------------------------------------


Max Delay Paths
--------------------------------------------------------------------------------------
Slack (MET) :             15.027ns  (required time - arrival time)
  Source:                 rst_shreg_reg[2]/C
                            (rising edge-triggered cell FDSE clocked by CLKOUT1  {rise@0.000ns fall@10.000ns period=20.000ns})
  Destination:            dut_sine/index_reg_rep[4]/CLR
                            (recovery check against rising-edge clock CLKOUT1  {rise@0.000ns fall@10.000ns period=20.000ns})
  Path Group:             **async_default**
  Path Type:              Recovery (Max at Slow Process Corner)
  Requirement:            20.000ns  (CLKOUT1 rise@20.000ns - CLKOUT1 rise@0.000ns)
  Data Path Delay:        4.404ns  (logic 0.518ns (11.763%)  route 3.886ns (88.237%))
  Logic Levels:           0  
  Clock Path Skew:        -0.088ns (DCD - SCD + CPR)
    Destination Clock Delay (DCD):    8.700ns = ( 28.700 - 20.000 ) 
    Source Clock Delay      (SCD):    9.439ns
    Clock Pessimism Removal (CPR):    0.652ns
  Clock Uncertainty:      0.076ns  ((TSJ^2 + DJ^2)^1/2) / 2 + PE
    Total System Jitter     (TSJ):    0.071ns
    Discrete Jitter          (DJ):    0.135ns
    Phase Error              (PE):    0.000ns

    Location             Delay type                Incr(ns)  Path(ns)    Netlist Resource(s)
  -------------------------------------------------------------------    -------------------
                         (clock CLKOUT1 rise edge)    0.000     0.000 r  
    N18                                               0.000     0.000 r  sys_clk (IN)
                         net (fo=0)                   0.000     0.000    sys_clk
    N18                  IBUF (Prop_ibuf_I_O)         1.461     1.461 r  sys_clk_ibuffer/O
                         net (fo=1, routed)           2.205     3.666    obuf_clk
    BUFGCTRL_X0Y16       BUFG (Prop_bufg_I_O)         0.101     3.767 r  clk_gbuffer/O
                         net (fo=2, routed)           1.806     5.573    gobuf_clk
    MMCME2_ADV_X1Y0      MMCME2_ADV (Prop_mmcme2_adv_CLKIN1_CLKOUT1)
                                                      0.088     5.661 r  mmcm_adv/CLKOUT1
                         net (fo=1, routed)           1.889     7.550    CLKOUT1
    BUFGCTRL_X0Y0        BUFG (Prop_bufg_I_O)         0.101     7.651 r  CLKOUT1_BUFG_inst/O
                         net (fo=2177, routed)        1.788     9.439    CLKOUT1_BUFG
    SLICE_X100Y55        FDSE                                         r  rst_shreg_reg[2]/C
  -------------------------------------------------------------------    -------------------
    SLICE_X100Y55        FDSE (Prop_fdse_C_Q)         0.518     9.957 f  rst_shreg_reg[2]/Q
                         net (fo=212, routed)         3.886    13.843    dut_sine/Q[0]
    SLICE_X110Y49        FDCE                                         f  dut_sine/index_reg_rep[4]/CLR
  -------------------------------------------------------------------    -------------------

                         (clock CLKOUT1 rise edge)   20.000    20.000 r  
    N18                                               0.000    20.000 r  sys_clk (IN)
                         net (fo=0)                   0.000    20.000    sys_clk
    N18                  IBUF (Prop_ibuf_I_O)         1.391    21.391 r  sys_clk_ibuffer/O
                         net (fo=1, routed)           2.006    23.397    obuf_clk
    BUFGCTRL_X0Y16       BUFG (Prop_bufg_I_O)         0.091    23.488 r  clk_gbuffer/O
                         net (fo=2, routed)           1.612    25.100    gobuf_clk
    MMCME2_ADV_X1Y0      MMCME2_ADV (Prop_mmcme2_adv_CLKIN1_CLKOUT1)
                                                      0.083    25.183 r  mmcm_adv/CLKOUT1
                         net (fo=1, routed)           1.725    26.908    CLKOUT1
    BUFGCTRL_X0Y0        BUFG (Prop_bufg_I_O)         0.091    26.999 r  CLKOUT1_BUFG_inst/O
                         net (fo=2177, routed)        1.700    28.700    dut_sine/CLKOUT1_BUFG
    SLICE_X110Y49        FDCE                                         r  dut_sine/index_reg_rep[4]/C
                         clock pessimism              0.652    29.352    
                         clock uncertainty           -0.076    29.275    
    SLICE_X110Y49        FDCE (Recov_fdce_C_CLR)     -0.405    28.870    dut_sine/index_reg_rep[4]
  -------------------------------------------------------------------
                         required time                         28.870    
                         arrival time                         -13.843    
  -------------------------------------------------------------------
                         slack                                 15.027    





Min Delay Paths
--------------------------------------------------------------------------------------
Slack (MET) :             0.365ns  (arrival time - required time)
  Source:                 dbg_hub/inst/BSCANID.u_xsdbm_id/CORE_XSDB.UUT_MASTER/U_ICON_INTERFACE/U_CMD6_WR/U_WR_FIFO/SUBCORE_FIFO.xsdbm_v3_0_0_wrfifo_inst/inst_fifo_gen/gconvfifo.rf/grf.rf/rstblk/ngwrdrst.grst.g7serrst.rd_rst_reg_reg[2]/C
                            (rising edge-triggered cell FDPE clocked by CLKOUT1  {rise@0.000ns fall@10.000ns period=20.000ns})
  Destination:            dbg_hub/inst/BSCANID.u_xsdbm_id/CORE_XSDB.UUT_MASTER/U_ICON_INTERFACE/U_CMD6_WR/U_WR_FIFO/SUBCORE_FIFO.xsdbm_v3_0_0_wrfifo_inst/inst_fifo_gen/gconvfifo.rf/grf.rf/gntv_or_sync_fifo.gl0.rd/rpntr/gc0.count_reg[0]/PRE
                            (removal check against rising-edge clock CLKOUT1  {rise@0.000ns fall@10.000ns period=20.000ns})
  Path Group:             **async_default**
  Path Type:              Removal (Min at Fast Process Corner)
  Requirement:            0.000ns  (CLKOUT1 rise@0.000ns - CLKOUT1 rise@0.000ns)
  Data Path Delay:        0.327ns  (logic 0.141ns (43.106%)  route 0.186ns (56.894%))
  Logic Levels:           0  
  Clock Path Skew:        0.033ns (DCD - SCD - CPR)
    Destination Clock Delay (DCD):    3.545ns
    Source Clock Delay      (SCD):    2.710ns
    Clock Pessimism Removal (CPR):    0.802ns

    Location             Delay type                Incr(ns)  Path(ns)    Netlist Resource(s)
  -------------------------------------------------------------------    -------------------
                         (clock CLKOUT1 rise edge)    0.000     0.000 r  
    N18                                               0.000     0.000 r  sys_clk (IN)
                         net (fo=0)                   0.000     0.000    sys_clk
    N18                  IBUF (Prop_ibuf_I_O)         0.229     0.229 r  sys_clk_ibuffer/O
                         net (fo=1, routed)           0.674     0.903    obuf_clk
    BUFGCTRL_X0Y16       BUFG (Prop_bufg_I_O)         0.026     0.929 r  clk_gbuffer/O
                         net (fo=2, routed)           0.597     1.526    gobuf_clk
    MMCME2_ADV_X1Y0      MMCME2_ADV (Prop_mmcme2_adv_CLKIN1_CLKOUT1)
                                                      0.050     1.576 r  mmcm_adv/CLKOUT1
                         net (fo=1, routed)           0.529     2.105    CLKOUT1
    BUFGCTRL_X0Y0        BUFG (Prop_bufg_I_O)         0.026     2.131 r  CLKOUT1_BUFG_inst/O
                         net (fo=2177, routed)        0.579     2.710    dbg_hub/inst/BSCANID.u_xsdbm_id/CORE_XSDB.UUT_MASTER/U_ICON_INTERFACE/U_CMD6_WR/U_WR_FIFO/SUBCORE_FIFO.xsdbm_v3_0_0_wrfifo_inst/inst_fifo_gen/gconvfifo.rf/grf.rf/rstblk/rd_clk
    SLICE_X85Y67         FDPE                                         r  dbg_hub/inst/BSCANID.u_xsdbm_id/CORE_XSDB.UUT_MASTER/U_ICON_INTERFACE/U_CMD6_WR/U_WR_FIFO/SUBCORE_FIFO.xsdbm_v3_0_0_wrfifo_inst/inst_fifo_gen/gconvfifo.rf/grf.rf/rstblk/ngwrdrst.grst.g7serrst.rd_rst_reg_reg[2]/C
  -------------------------------------------------------------------    -------------------
    SLICE_X85Y67         FDPE (Prop_fdpe_C_Q)         0.141     2.851 f  dbg_hub/inst/BSCANID.u_xsdbm_id/CORE_XSDB.UUT_MASTER/U_ICON_INTERFACE/U_CMD6_WR/U_WR_FIFO/SUBCORE_FIFO.xsdbm_v3_0_0_wrfifo_inst/inst_fifo_gen/gconvfifo.rf/grf.rf/rstblk/ngwrdrst.grst.g7serrst.rd_rst_reg_reg[2]/Q
                         net (fo=10, routed)          0.186     3.037    dbg_hub/inst/BSCANID.u_xsdbm_id/CORE_XSDB.UUT_MASTER/U_ICON_INTERFACE/U_CMD6_WR/U_WR_FIFO/SUBCORE_FIFO.xsdbm_v3_0_0_wrfifo_inst/inst_fifo_gen/gconvfifo.rf/grf.rf/gntv_or_sync_fifo.gl0.rd/rpntr/AR[0]
    SLICE_X86Y68         FDPE                                         f  dbg_hub/inst/BSCANID.u_xsdbm_id/CORE_XSDB.UUT_MASTER/U_ICON_INTERFACE/U_CMD6_WR/U_WR_FIFO/SUBCORE_FIFO.xsdbm_v3_0_0_wrfifo_inst/inst_fifo_gen/gconvfifo.rf/grf.rf/gntv_or_sync_fifo.gl0.rd/rpntr/gc0.count_reg[0]/PRE
  -------------------------------------------------------------------    -------------------

                         (clock CLKOUT1 rise edge)    0.000     0.000 r  
    N18                                               0.000     0.000 r  sys_clk (IN)
                         net (fo=0)                   0.000     0.000    sys_clk
    N18                  IBUF (Prop_ibuf_I_O)         0.417     0.417 r  sys_clk_ibuffer/O
                         net (fo=1, routed)           0.731     1.148    obuf_clk
    BUFGCTRL_X0Y16       BUFG (Prop_bufg_I_O)         0.029     1.177 r  clk_gbuffer/O
                         net (fo=2, routed)           0.864     2.041    gobuf_clk
    MMCME2_ADV_X1Y0      MMCME2_ADV (Prop_mmcme2_adv_CLKIN1_CLKOUT1)
                                                      0.053     2.094 r  mmcm_adv/CLKOUT1
                         net (fo=1, routed)           0.576     2.670    CLKOUT1
    BUFGCTRL_X0Y0        BUFG (Prop_bufg_I_O)         0.029     2.699 r  CLKOUT1_BUFG_inst/O
                         net (fo=2177, routed)        0.846     3.545    dbg_hub/inst/BSCANID.u_xsdbm_id/CORE_XSDB.UUT_MASTER/U_ICON_INTERFACE/U_CMD6_WR/U_WR_FIFO/SUBCORE_FIFO.xsdbm_v3_0_0_wrfifo_inst/inst_fifo_gen/gconvfifo.rf/grf.rf/gntv_or_sync_fifo.gl0.rd/rpntr/rd_clk
    SLICE_X86Y68         FDPE                                         r  dbg_hub/inst/BSCANID.u_xsdbm_id/CORE_XSDB.UUT_MASTER/U_ICON_INTERFACE/U_CMD6_WR/U_WR_FIFO/SUBCORE_FIFO.xsdbm_v3_0_0_wrfifo_inst/inst_fifo_gen/gconvfifo.rf/grf.rf/gntv_or_sync_fifo.gl0.rd/rpntr/gc0.count_reg[0]/C
                         clock pessimism             -0.802     2.743    
    SLICE_X86Y68         FDPE (Remov_fdpe_C_PRE)     -0.071     2.672    dbg_hub/inst/BSCANID.u_xsdbm_id/CORE_XSDB.UUT_MASTER/U_ICON_INTERFACE/U_CMD6_WR/U_WR_FIFO/SUBCORE_FIFO.xsdbm_v3_0_0_wrfifo_inst/inst_fifo_gen/gconvfifo.rf/grf.rf/gntv_or_sync_fifo.gl0.rd/rpntr/gc0.count_reg[0]
  -------------------------------------------------------------------
                         required time                         -2.672    
                         arrival time                           3.037    
  -------------------------------------------------------------------
                         slack                                  0.365    





---------------------------------------------------------------------------------------------------
Path Group:  **async_default**
From Clock:  clk_pwm
  To Clock:  clk_pwm

Setup :            0  Failing Endpoints,  Worst Slack        7.877ns,  Total Violation        0.000ns
Hold  :            0  Failing Endpoints,  Worst Slack        0.698ns,  Total Violation        0.000ns
---------------------------------------------------------------------------------------------------


Max Delay Paths
--------------------------------------------------------------------------------------
Slack (MET) :             7.877ns  (required time - arrival time)
  Source:                 buffered_pwm/rst_pwm_reg__0/C
                            (rising edge-triggered cell FDRE clocked by clk_pwm  {rise@0.000ns fall@5.000ns period=10.000ns})
  Destination:            buffered_pwm/channels_gen[0].pwm_ich/set_scaler_type_signed.rsc/output_data_reg[2]/CLR
                            (recovery check against rising-edge clock clk_pwm  {rise@0.000ns fall@5.000ns period=10.000ns})
  Path Group:             **async_default**
  Path Type:              Recovery (Max at Slow Process Corner)
  Requirement:            10.000ns  (clk_pwm rise@10.000ns - clk_pwm rise@0.000ns)
  Data Path Delay:        1.624ns  (logic 0.456ns (28.075%)  route 1.168ns (71.925%))
  Logic Levels:           0  
  Clock Path Skew:        -0.025ns (DCD - SCD + CPR)
    Destination Clock Delay (DCD):    8.685ns = ( 18.685 - 10.000 ) 
    Source Clock Delay      (SCD):    9.517ns
    Clock Pessimism Removal (CPR):    0.807ns
  Clock Uncertainty:      0.069ns  ((TSJ^2 + DJ^2)^1/2) / 2 + PE
    Total System Jitter     (TSJ):    0.071ns
    Discrete Jitter          (DJ):    0.118ns
    Phase Error              (PE):    0.000ns

    Location             Delay type                Incr(ns)  Path(ns)    Netlist Resource(s)
  -------------------------------------------------------------------    -------------------
                         (clock clk_pwm rise edge)    0.000     0.000 r  
    N18                                               0.000     0.000 r  sys_clk (IN)
                         net (fo=0)                   0.000     0.000    sys_clk
    N18                  IBUF (Prop_ibuf_I_O)         1.461     1.461 r  sys_clk_ibuffer/O
                         net (fo=1, routed)           2.205     3.666    obuf_clk
    BUFGCTRL_X0Y16       BUFG (Prop_bufg_I_O)         0.101     3.767 r  clk_gbuffer/O
                         net (fo=2, routed)           1.806     5.573    gobuf_clk
    MMCME2_ADV_X1Y0      MMCME2_ADV (Prop_mmcme2_adv_CLKIN1_CLKOUT2)
                                                      0.088     5.661 r  mmcm_adv/CLKOUT2
                         net (fo=1, routed)           1.889     7.550    clk_pwm
    BUFGCTRL_X0Y2        BUFG (Prop_bufg_I_O)         0.101     7.651 r  clk_pwm_BUFG_inst/O
                         net (fo=210, routed)         1.866     9.517    buffered_pwm/clk_pwm_BUFG
    SLICE_X106Y55        FDRE                                         r  buffered_pwm/rst_pwm_reg__0/C
  -------------------------------------------------------------------    -------------------
    SLICE_X106Y55        FDRE (Prop_fdre_C_Q)         0.456     9.973 f  buffered_pwm/rst_pwm_reg__0/Q
                         net (fo=167, routed)         1.168    11.141    buffered_pwm/channels_gen[0].pwm_ich/set_scaler_type_signed.rsc/output_data_reg[5]_1
    SLICE_X106Y54        FDCE                                         f  buffered_pwm/channels_gen[0].pwm_ich/set_scaler_type_signed.rsc/output_data_reg[2]/CLR
  -------------------------------------------------------------------    -------------------

                         (clock clk_pwm rise edge)   10.000    10.000 r  
    N18                                               0.000    10.000 r  sys_clk (IN)
                         net (fo=0)                   0.000    10.000    sys_clk
    N18                  IBUF (Prop_ibuf_I_O)         1.391    11.391 r  sys_clk_ibuffer/O
                         net (fo=1, routed)           2.006    13.397    obuf_clk
    BUFGCTRL_X0Y16       BUFG (Prop_bufg_I_O)         0.091    13.488 r  clk_gbuffer/O
                         net (fo=2, routed)           1.612    15.100    gobuf_clk
    MMCME2_ADV_X1Y0      MMCME2_ADV (Prop_mmcme2_adv_CLKIN1_CLKOUT2)
                                                      0.083    15.183 r  mmcm_adv/CLKOUT2
                         net (fo=1, routed)           1.725    16.908    clk_pwm
    BUFGCTRL_X0Y2        BUFG (Prop_bufg_I_O)         0.091    16.999 r  clk_pwm_BUFG_inst/O
                         net (fo=210, routed)         1.686    18.685    buffered_pwm/channels_gen[0].pwm_ich/set_scaler_type_signed.rsc/clk_pwm_BUFG
    SLICE_X106Y54        FDCE                                         r  buffered_pwm/channels_gen[0].pwm_ich/set_scaler_type_signed.rsc/output_data_reg[2]/C
                         clock pessimism              0.807    19.492    
                         clock uncertainty           -0.069    19.423    
    SLICE_X106Y54        FDCE (Recov_fdce_C_CLR)     -0.405    19.018    buffered_pwm/channels_gen[0].pwm_ich/set_scaler_type_signed.rsc/output_data_reg[2]
  -------------------------------------------------------------------
                         required time                         19.018    
                         arrival time                         -11.141    
  -------------------------------------------------------------------
                         slack                                  7.877    





Min Delay Paths
--------------------------------------------------------------------------------------
Slack (MET) :             0.698ns  (arrival time - required time)
  Source:                 buffered_pwm/rst_pwm_reg__0/C
                            (rising edge-triggered cell FDRE clocked by clk_pwm  {rise@0.000ns fall@5.000ns period=10.000ns})
  Destination:            buffered_pwm/channels_gen[0].pwm_ich/set_scaler_type_signed.rsc/output_data_reg[0]/CLR
                            (removal check against rising-edge clock clk_pwm  {rise@0.000ns fall@5.000ns period=10.000ns})
  Path Group:             **async_default**
  Path Type:              Removal (Min at Fast Process Corner)
  Requirement:            0.000ns  (clk_pwm rise@0.000ns - clk_pwm rise@0.000ns)
  Data Path Delay:        0.622ns  (logic 0.141ns (22.674%)  route 0.481ns (77.326%))
  Logic Levels:           0  
  Clock Path Skew:        0.016ns (DCD - SCD - CPR)
    Destination Clock Delay (DCD):    3.606ns
    Source Clock Delay      (SCD):    2.768ns
    Clock Pessimism Removal (CPR):    0.822ns

    Location             Delay type                Incr(ns)  Path(ns)    Netlist Resource(s)
  -------------------------------------------------------------------    -------------------
                         (clock clk_pwm rise edge)    0.000     0.000 r  
    N18                                               0.000     0.000 r  sys_clk (IN)
                         net (fo=0)                   0.000     0.000    sys_clk
    N18                  IBUF (Prop_ibuf_I_O)         0.229     0.229 r  sys_clk_ibuffer/O
                         net (fo=1, routed)           0.674     0.903    obuf_clk
    BUFGCTRL_X0Y16       BUFG (Prop_bufg_I_O)         0.026     0.929 r  clk_gbuffer/O
                         net (fo=2, routed)           0.597     1.526    gobuf_clk
    MMCME2_ADV_X1Y0      MMCME2_ADV (Prop_mmcme2_adv_CLKIN1_CLKOUT2)
                                                      0.050     1.576 r  mmcm_adv/CLKOUT2
                         net (fo=1, routed)           0.529     2.105    clk_pwm
    BUFGCTRL_X0Y2        BUFG (Prop_bufg_I_O)         0.026     2.131 r  clk_pwm_BUFG_inst/O
                         net (fo=210, routed)         0.637     2.768    buffered_pwm/clk_pwm_BUFG
    SLICE_X106Y55        FDRE                                         r  buffered_pwm/rst_pwm_reg__0/C
  -------------------------------------------------------------------    -------------------
    SLICE_X106Y55        FDRE (Prop_fdre_C_Q)         0.141     2.909 f  buffered_pwm/rst_pwm_reg__0/Q
                         net (fo=167, routed)         0.481     3.389    buffered_pwm/channels_gen[0].pwm_ich/set_scaler_type_signed.rsc/output_data_reg[5]_1
    SLICE_X107Y54        FDCE                                         f  buffered_pwm/channels_gen[0].pwm_ich/set_scaler_type_signed.rsc/output_data_reg[0]/CLR
  -------------------------------------------------------------------    -------------------

                         (clock clk_pwm rise edge)    0.000     0.000 r  
    N18                                               0.000     0.000 r  sys_clk (IN)
                         net (fo=0)                   0.000     0.000    sys_clk
    N18                  IBUF (Prop_ibuf_I_O)         0.417     0.417 r  sys_clk_ibuffer/O
                         net (fo=1, routed)           0.731     1.148    obuf_clk
    BUFGCTRL_X0Y16       BUFG (Prop_bufg_I_O)         0.029     1.177 r  clk_gbuffer/O
                         net (fo=2, routed)           0.864     2.041    gobuf_clk
    MMCME2_ADV_X1Y0      MMCME2_ADV (Prop_mmcme2_adv_CLKIN1_CLKOUT2)
                                                      0.053     2.094 r  mmcm_adv/CLKOUT2
                         net (fo=1, routed)           0.576     2.670    clk_pwm
    BUFGCTRL_X0Y2        BUFG (Prop_bufg_I_O)         0.029     2.699 r  clk_pwm_BUFG_inst/O
                         net (fo=210, routed)         0.907     3.606    buffered_pwm/channels_gen[0].pwm_ich/set_scaler_type_signed.rsc/clk_pwm_BUFG
    SLICE_X107Y54        FDCE                                         r  buffered_pwm/channels_gen[0].pwm_ich/set_scaler_type_signed.rsc/output_data_reg[0]/C
                         clock pessimism             -0.822     2.784    
    SLICE_X107Y54        FDCE (Remov_fdce_C_CLR)     -0.092     2.692    buffered_pwm/channels_gen[0].pwm_ich/set_scaler_type_signed.rsc/output_data_reg[0]
  -------------------------------------------------------------------
                         required time                         -2.692    
                         arrival time                           3.389    
  -------------------------------------------------------------------
                         slack                                  0.698    





---------------------------------------------------------------------------------------------------
Path Group:  **async_default**
From Clock:  dbg_hub/inst/BSCANID.u_xsdbm_id/SWITCH_N_EXT_BSCAN.bscan_inst/SERIES7_BSCAN.bscan_inst/TCK
  To Clock:  dbg_hub/inst/BSCANID.u_xsdbm_id/SWITCH_N_EXT_BSCAN.bscan_inst/SERIES7_BSCAN.bscan_inst/TCK

Setup :            0  Failing Endpoints,  Worst Slack       29.204ns,  Total Violation        0.000ns
Hold  :            0  Failing Endpoints,  Worst Slack        0.342ns,  Total Violation        0.000ns
---------------------------------------------------------------------------------------------------


Max Delay Paths
--------------------------------------------------------------------------------------
Slack (MET) :             29.204ns  (required time - arrival time)
  Source:                 dbg_hub/inst/BSCANID.u_xsdbm_id/SWITCH_N_EXT_BSCAN.bscan_switch/state_reg[2]/C
                            (rising edge-triggered cell FDRE clocked by dbg_hub/inst/BSCANID.u_xsdbm_id/SWITCH_N_EXT_BSCAN.bscan_inst/SERIES7_BSCAN.bscan_inst/TCK  {rise@0.000ns fall@16.500ns period=33.000ns})
  Destination:            dbg_hub/inst/BSCANID.u_xsdbm_id/CORE_XSDB.U_ICON/U_CMD/iTARGET_reg[8]/CLR
                            (recovery check against rising-edge clock dbg_hub/inst/BSCANID.u_xsdbm_id/SWITCH_N_EXT_BSCAN.bscan_inst/SERIES7_BSCAN.bscan_inst/TCK  {rise@0.000ns fall@16.500ns period=33.000ns})
  Path Group:             **async_default**
  Path Type:              Recovery (Max at Slow Process Corner)
  Requirement:            33.000ns  (dbg_hub/inst/BSCANID.u_xsdbm_id/SWITCH_N_EXT_BSCAN.bscan_inst/SERIES7_BSCAN.bscan_inst/TCK rise@33.000ns - dbg_hub/inst/BSCANID.u_xsdbm_id/SWITCH_N_EXT_BSCAN.bscan_inst/SERIES7_BSCAN.bscan_inst/TCK rise@0.000ns)
  Data Path Delay:        3.334ns  (logic 0.903ns (27.083%)  route 2.431ns (72.917%))
  Logic Levels:           2  (LUT1=1 LUT4=1)
  Clock Path Skew:        -0.065ns (DCD - SCD + CPR)
    Destination Clock Delay (DCD):    3.635ns = ( 36.635 - 33.000 ) 
    Source Clock Delay      (SCD):    4.139ns
    Clock Pessimism Removal (CPR):    0.439ns
  Clock Uncertainty:      0.035ns  ((TSJ^2 + TIJ^2)^1/2 + DJ) / 2 + PE
    Total System Jitter     (TSJ):    0.071ns
    Total Input Jitter      (TIJ):    0.000ns
    Discrete Jitter          (DJ):    0.000ns
    Phase Error              (PE):    0.000ns

    Location             Delay type                Incr(ns)  Path(ns)    Netlist Resource(s)
  -------------------------------------------------------------------    -------------------
                         (clock dbg_hub/inst/BSCANID.u_xsdbm_id/SWITCH_N_EXT_BSCAN.bscan_inst/SERIES7_BSCAN.bscan_inst/TCK rise edge)
                                                      0.000     0.000 r  
    BSCAN_X0Y0           BSCANE2                      0.000     0.000 r  dbg_hub/inst/BSCANID.u_xsdbm_id/SWITCH_N_EXT_BSCAN.bscan_inst/SERIES7_BSCAN.bscan_inst/TCK
                         net (fo=1, routed)           2.325     2.325    dbg_hub/inst/BSCANID.u_xsdbm_id/tck_bs
    BUFGCTRL_X0Y1        BUFG (Prop_bufg_I_O)         0.101     2.426 r  dbg_hub/inst/BSCANID.u_xsdbm_id/SWITCH_N_EXT_BSCAN.u_bufg_icon_tck/O
                         net (fo=486, routed)         1.713     4.139    dbg_hub/inst/BSCANID.u_xsdbm_id/SWITCH_N_EXT_BSCAN.bscan_switch/s_bscan_tck
    SLICE_X86Y80         FDRE                                         r  dbg_hub/inst/BSCANID.u_xsdbm_id/SWITCH_N_EXT_BSCAN.bscan_switch/state_reg[2]/C
  -------------------------------------------------------------------    -------------------
    SLICE_X86Y80         FDRE (Prop_fdre_C_Q)         0.478     4.617 r  dbg_hub/inst/BSCANID.u_xsdbm_id/SWITCH_N_EXT_BSCAN.bscan_switch/state_reg[2]/Q
                         net (fo=50, routed)          1.620     6.237    dbg_hub/inst/BSCANID.u_xsdbm_id/SWITCH_N_EXT_BSCAN.bscan_switch/state[2]
    SLICE_X81Y78         LUT4 (Prop_lut4_I2_O)        0.301     6.538 r  dbg_hub/inst/BSCANID.u_xsdbm_id/SWITCH_N_EXT_BSCAN.bscan_switch/m_bscan_sel[0]_INST_0/O
                         net (fo=2, routed)           0.160     6.698    dbg_hub/inst/BSCANID.u_xsdbm_id/CORE_XSDB.U_ICON/U_CMD/iTARGET_reg[6]_0
    SLICE_X81Y78         LUT1 (Prop_lut1_I0_O)        0.124     6.822 f  dbg_hub/inst/BSCANID.u_xsdbm_id/CORE_XSDB.U_ICON/U_CMD/iTARGET[15]_i_2/O
                         net (fo=10, routed)          0.652     7.474    dbg_hub/inst/BSCANID.u_xsdbm_id/CORE_XSDB.U_ICON/U_CMD/iSEL_n
    SLICE_X82Y76         FDCE                                         f  dbg_hub/inst/BSCANID.u_xsdbm_id/CORE_XSDB.U_ICON/U_CMD/iTARGET_reg[8]/CLR
  -------------------------------------------------------------------    -------------------

                         (clock dbg_hub/inst/BSCANID.u_xsdbm_id/SWITCH_N_EXT_BSCAN.bscan_inst/SERIES7_BSCAN.bscan_inst/TCK rise edge)
                                                     33.000    33.000 r  
    BSCAN_X0Y0           BSCANE2                      0.000    33.000 r  dbg_hub/inst/BSCANID.u_xsdbm_id/SWITCH_N_EXT_BSCAN.bscan_inst/SERIES7_BSCAN.bscan_inst/TCK
                         net (fo=1, routed)           2.010    35.010    dbg_hub/inst/BSCANID.u_xsdbm_id/tck_bs
    BUFGCTRL_X0Y1        BUFG (Prop_bufg_I_O)         0.091    35.101 r  dbg_hub/inst/BSCANID.u_xsdbm_id/SWITCH_N_EXT_BSCAN.u_bufg_icon_tck/O
                         net (fo=486, routed)         1.534    36.635    dbg_hub/inst/BSCANID.u_xsdbm_id/CORE_XSDB.U_ICON/U_CMD/m_bscan_tck[0]
    SLICE_X82Y76         FDCE                                         r  dbg_hub/inst/BSCANID.u_xsdbm_id/CORE_XSDB.U_ICON/U_CMD/iTARGET_reg[8]/C
                         clock pessimism              0.439    37.074    
                         clock uncertainty           -0.035    37.039    
    SLICE_X82Y76         FDCE (Recov_fdce_C_CLR)     -0.361    36.678    dbg_hub/inst/BSCANID.u_xsdbm_id/CORE_XSDB.U_ICON/U_CMD/iTARGET_reg[8]
  -------------------------------------------------------------------
                         required time                         36.678    
                         arrival time                          -7.474    
  -------------------------------------------------------------------
                         slack                                 29.204    





Min Delay Paths
--------------------------------------------------------------------------------------
Slack (MET) :             0.342ns  (arrival time - required time)
  Source:                 dbg_hub/inst/BSCANID.u_xsdbm_id/CORE_XSDB.UUT_MASTER/U_ICON_INTERFACE/U_CMD6_WR/U_WR_FIFO/SUBCORE_FIFO.xsdbm_v3_0_0_wrfifo_inst/inst_fifo_gen/gconvfifo.rf/grf.rf/rstblk/ngwrdrst.grst.g7serrst.wr_rst_reg_reg[1]/C
                            (rising edge-triggered cell FDPE clocked by dbg_hub/inst/BSCANID.u_xsdbm_id/SWITCH_N_EXT_BSCAN.bscan_inst/SERIES7_BSCAN.bscan_inst/TCK  {rise@0.000ns fall@16.500ns period=33.000ns})
  Destination:            dbg_hub/inst/BSCANID.u_xsdbm_id/CORE_XSDB.UUT_MASTER/U_ICON_INTERFACE/U_CMD6_WR/U_WR_FIFO/SUBCORE_FIFO.xsdbm_v3_0_0_wrfifo_inst/inst_fifo_gen/gconvfifo.rf/grf.rf/gntv_or_sync_fifo.gl0.wr/wpntr/gic0.gc0.count_d1_reg[1]/CLR
                            (removal check against rising-edge clock dbg_hub/inst/BSCANID.u_xsdbm_id/SWITCH_N_EXT_BSCAN.bscan_inst/SERIES7_BSCAN.bscan_inst/TCK  {rise@0.000ns fall@16.500ns period=33.000ns})
  Path Group:             **async_default**
  Path Type:              Removal (Min at Fast Process Corner)
  Requirement:            0.000ns  (dbg_hub/inst/BSCANID.u_xsdbm_id/SWITCH_N_EXT_BSCAN.bscan_inst/SERIES7_BSCAN.bscan_inst/TCK rise@0.000ns - dbg_hub/inst/BSCANID.u_xsdbm_id/SWITCH_N_EXT_BSCAN.bscan_inst/SERIES7_BSCAN.bscan_inst/TCK rise@0.000ns)
  Data Path Delay:        0.265ns  (logic 0.141ns (53.216%)  route 0.124ns (46.784%))
  Logic Levels:           0  
  Clock Path Skew:        0.015ns (DCD - SCD - CPR)
    Destination Clock Delay (DCD):    2.044ns
    Source Clock Delay      (SCD):    1.639ns
    Clock Pessimism Removal (CPR):    0.390ns

    Location             Delay type                Incr(ns)  Path(ns)    Netlist Resource(s)
  -------------------------------------------------------------------    -------------------
                         (clock dbg_hub/inst/BSCANID.u_xsdbm_id/SWITCH_N_EXT_BSCAN.bscan_inst/SERIES7_BSCAN.bscan_inst/TCK rise edge)
                                                      0.000     0.000 r  
    BSCAN_X0Y0           BSCANE2                      0.000     0.000 r  dbg_hub/inst/BSCANID.u_xsdbm_id/SWITCH_N_EXT_BSCAN.bscan_inst/SERIES7_BSCAN.bscan_inst/TCK
                         net (fo=1, routed)           1.036     1.036    dbg_hub/inst/BSCANID.u_xsdbm_id/tck_bs
    BUFGCTRL_X0Y1        BUFG (Prop_bufg_I_O)         0.026     1.062 r  dbg_hub/inst/BSCANID.u_xsdbm_id/SWITCH_N_EXT_BSCAN.u_bufg_icon_tck/O
                         net (fo=486, routed)         0.577     1.639    dbg_hub/inst/BSCANID.u_xsdbm_id/CORE_XSDB.UUT_MASTER/U_ICON_INTERFACE/U_CMD6_WR/U_WR_FIFO/SUBCORE_FIFO.xsdbm_v3_0_0_wrfifo_inst/inst_fifo_gen/gconvfifo.rf/grf.rf/rstblk/wr_clk
    SLICE_X81Y69         FDPE                                         r  dbg_hub/inst/BSCANID.u_xsdbm_id/CORE_XSDB.UUT_MASTER/U_ICON_INTERFACE/U_CMD6_WR/U_WR_FIFO/SUBCORE_FIFO.xsdbm_v3_0_0_wrfifo_inst/inst_fifo_gen/gconvfifo.rf/grf.rf/rstblk/ngwrdrst.grst.g7serrst.wr_rst_reg_reg[1]/C
  -------------------------------------------------------------------    -------------------
    SLICE_X81Y69         FDPE (Prop_fdpe_C_Q)         0.141     1.780 f  dbg_hub/inst/BSCANID.u_xsdbm_id/CORE_XSDB.UUT_MASTER/U_ICON_INTERFACE/U_CMD6_WR/U_WR_FIFO/SUBCORE_FIFO.xsdbm_v3_0_0_wrfifo_inst/inst_fifo_gen/gconvfifo.rf/grf.rf/rstblk/ngwrdrst.grst.g7serrst.wr_rst_reg_reg[1]/Q
                         net (fo=12, routed)          0.124     1.904    dbg_hub/inst/BSCANID.u_xsdbm_id/CORE_XSDB.UUT_MASTER/U_ICON_INTERFACE/U_CMD6_WR/U_WR_FIFO/SUBCORE_FIFO.xsdbm_v3_0_0_wrfifo_inst/inst_fifo_gen/gconvfifo.rf/grf.rf/gntv_or_sync_fifo.gl0.wr/wpntr/gic0.gc0.count_reg[0]_0[0]
    SLICE_X81Y68         FDCE                                         f  dbg_hub/inst/BSCANID.u_xsdbm_id/CORE_XSDB.UUT_MASTER/U_ICON_INTERFACE/U_CMD6_WR/U_WR_FIFO/SUBCORE_FIFO.xsdbm_v3_0_0_wrfifo_inst/inst_fifo_gen/gconvfifo.rf/grf.rf/gntv_or_sync_fifo.gl0.wr/wpntr/gic0.gc0.count_d1_reg[1]/CLR
  -------------------------------------------------------------------    -------------------

                         (clock dbg_hub/inst/BSCANID.u_xsdbm_id/SWITCH_N_EXT_BSCAN.bscan_inst/SERIES7_BSCAN.bscan_inst/TCK rise edge)
                                                      0.000     0.000 r  
    BSCAN_X0Y0           BSCANE2                      0.000     0.000 r  dbg_hub/inst/BSCANID.u_xsdbm_id/SWITCH_N_EXT_BSCAN.bscan_inst/SERIES7_BSCAN.bscan_inst/TCK
                         net (fo=1, routed)           1.170     1.170    dbg_hub/inst/BSCANID.u_xsdbm_id/tck_bs
    BUFGCTRL_X0Y1        BUFG (Prop_bufg_I_O)         0.029     1.199 r  dbg_hub/inst/BSCANID.u_xsdbm_id/SWITCH_N_EXT_BSCAN.u_bufg_icon_tck/O
                         net (fo=486, routed)         0.845     2.044    dbg_hub/inst/BSCANID.u_xsdbm_id/CORE_XSDB.UUT_MASTER/U_ICON_INTERFACE/U_CMD6_WR/U_WR_FIFO/SUBCORE_FIFO.xsdbm_v3_0_0_wrfifo_inst/inst_fifo_gen/gconvfifo.rf/grf.rf/gntv_or_sync_fifo.gl0.wr/wpntr/wr_clk
    SLICE_X81Y68         FDCE                                         r  dbg_hub/inst/BSCANID.u_xsdbm_id/CORE_XSDB.UUT_MASTER/U_ICON_INTERFACE/U_CMD6_WR/U_WR_FIFO/SUBCORE_FIFO.xsdbm_v3_0_0_wrfifo_inst/inst_fifo_gen/gconvfifo.rf/grf.rf/gntv_or_sync_fifo.gl0.wr/wpntr/gic0.gc0.count_d1_reg[1]/C
                         clock pessimism             -0.390     1.654    
    SLICE_X81Y68         FDCE (Remov_fdce_C_CLR)     -0.092     1.562    dbg_hub/inst/BSCANID.u_xsdbm_id/CORE_XSDB.UUT_MASTER/U_ICON_INTERFACE/U_CMD6_WR/U_WR_FIFO/SUBCORE_FIFO.xsdbm_v3_0_0_wrfifo_inst/inst_fifo_gen/gconvfifo.rf/grf.rf/gntv_or_sync_fifo.gl0.wr/wpntr/gic0.gc0.count_d1_reg[1]
  -------------------------------------------------------------------
                         required time                         -1.562    
                         arrival time                           1.904    
  -------------------------------------------------------------------
                         slack                                  0.342    





