Copyright 1986-2018 Xilinx, Inc. All Rights Reserved.
--------------------------------------------------------------------------------------------------------------------------------------
| Tool Version : Vivado v.2018.3 (win64) Build 2405991 Thu Dec  6 23:38:27 MST 2018
| Date         : Wed Jun  3 21:53:32 2026
| Host         : KOMPUTER running 64-bit major release  (build 9200)
| Command      : report_timing_summary -file C:/Users/user/VivadoProjects/2018-3/pwm_demo/bit/zybo-zynq-zybo-debug_timing_summary.rpt
| Design       : main
| Device       : 7z010-clg400
| Speed File   : -1  PRODUCTION 1.11 2014-09-11
--------------------------------------------------------------------------------------------------------------------------------------

Timing Summary Report

------------------------------------------------------------------------------------------------
| Timer Settings
| --------------
------------------------------------------------------------------------------------------------

  Enable Multi Corner Analysis               :  Yes
  Enable Pessimism Removal                   :  Yes
  Pessimism Removal Resolution               :  Nearest Common Node
  Enable Input Delay Default Clock           :  No
  Enable Preset / Clear Arcs                 :  No
  Disable Flight Delays                      :  No
  Ignore I/O Paths                           :  No
  Timing Early Launch at Borrowing Latches   :  false

  Corner  Analyze    Analyze    
  Name    Max Paths  Min Paths  
  ------  ---------  ---------  
  Slow    Yes        Yes        
  Fast    Yes        Yes        



check_timing report

Table of Contents
-----------------
1. checking no_clock
2. checking constant_clock
3. checking pulse_width_clock
4. checking unconstrained_internal_endpoints
5. checking no_input_delay
6. checking no_output_delay
7. checking multiple_clock
8. checking generated_clocks
9. checking loops
10. checking partial_input_delay
11. checking partial_output_delay
12. checking latch_loops

1. checking no_clock
--------------------
 There are 0 register/latch pins with no clock.


2. checking constant_clock
--------------------------
 There are 0 register/latch pins with constant_clock.


3. checking pulse_width_clock
-----------------------------
 There are 0 register/latch pins which need pulse_width check


4. checking unconstrained_internal_endpoints
--------------------------------------------
 There are 0 pins that are not constrained for maximum delay.

 There are 0 pins that are not constrained for maximum delay due to constant clock.


5. checking no_input_delay
--------------------------
 There are 0 input ports with no input delay specified.

 There are 2 input ports with no input delay but user has a false path constraint. (MEDIUM)


6. checking no_output_delay
---------------------------
 There are 0 ports with no output delay specified.

 There are 8 ports with no output delay but user has a false path constraint (MEDIUM)

 There are 0 ports with no output delay but with a timing clock defined on it or propagating through it


7. checking multiple_clock
--------------------------
 There are 0 register/latch pins with multiple clocks.


8. checking generated_clocks
----------------------------
 There are 0 generated clocks that are not connected to a clock source.


9. checking loops
-----------------
 There are 0 combinational loops in the design.


10. checking partial_input_delay
--------------------------------
 There are 0 input ports with partial input delay specified.


11. checking partial_output_delay
---------------------------------
 There are 0 ports with partial output delay specified.


12. checking latch_loops
------------------------
 There are 0 combinational latch loops in the design through latch input



------------------------------------------------------------------------------------------------
| Design Timing Summary
| ---------------------
------------------------------------------------------------------------------------------------

    WNS(ns)      TNS(ns)  TNS Failing Endpoints  TNS Total Endpoints      WHS(ns)      THS(ns)  THS Failing Endpoints  THS Total Endpoints     WPWS(ns)     TPWS(ns)  TPWS Failing Endpoints  TPWS Total Endpoints  
    -------      -------  ---------------------  -------------------      -------      -------  ---------------------  -------------------     --------     --------  ----------------------  --------------------  
      5.378        0.000                      0                 5255        0.037        0.000                      0                 5239        3.000        0.000                       0                  2883  


All user specified timing constraints are met.


------------------------------------------------------------------------------------------------
| Clock Summary
| -------------
------------------------------------------------------------------------------------------------

Clock                                                                                       Waveform(ns)       Period(ns)      Frequency(MHz)
-----                                                                                       ------------       ----------      --------------
dbg_hub/inst/BSCANID.u_xsdbm_id/SWITCH_N_EXT_BSCAN.bscan_inst/SERIES7_BSCAN.bscan_inst/TCK  {0.000 16.500}     33.000          30.303          
sys_clk_pin                                                                                 {0.000 5.000}      10.000          100.000         
  CLKOUT1                                                                                   {0.000 10.000}     20.000          50.000          
  clk_pwm                                                                                   {0.000 5.000}      10.000          100.000         
  mmcm_fb_in                                                                                {0.000 5.000}      10.000          100.000         


------------------------------------------------------------------------------------------------
| Intra Clock Table
| -----------------
------------------------------------------------------------------------------------------------

Clock                                                                                           WNS(ns)      TNS(ns)  TNS Failing Endpoints  TNS Total Endpoints      WHS(ns)      THS(ns)  THS Failing Endpoints  THS Total Endpoints     WPWS(ns)     TPWS(ns)  TPWS Failing Endpoints  TPWS Total Endpoints  
-----                                                                                           -------      -------  ---------------------  -------------------      -------      -------  ---------------------  -------------------     --------     --------  ----------------------  --------------------  
dbg_hub/inst/BSCANID.u_xsdbm_id/SWITCH_N_EXT_BSCAN.bscan_inst/SERIES7_BSCAN.bscan_inst/TCK       26.655        0.000                      0                  933        0.051        0.000                      0                  933       15.250        0.000                       0                   487  
sys_clk_pin                                                                                                                                                                                                                                   3.000        0.000                       0                     3  
  CLKOUT1                                                                                        11.674        0.000                      0                 3540        0.037        0.000                      0                 3540        8.750        0.000                       0                  2179  
  clk_pwm                                                                                         5.378        0.000                      0                  493        0.126        0.000                      0                  493        4.020        0.000                       0                   212  
  mmcm_fb_in                                                                                                                                                                                                                                  8.751        0.000                       0                     2  


------------------------------------------------------------------------------------------------
| Inter Clock Table
| -----------------
------------------------------------------------------------------------------------------------

From Clock                                                                                  To Clock                                                                                        WNS(ns)      TNS(ns)  TNS Failing Endpoints  TNS Total Endpoints      WHS(ns)      THS(ns)  THS Failing Endpoints  THS Total Endpoints  
----------                                                                                  --------                                                                                        -------      -------  ---------------------  -------------------      -------      -------  ---------------------  -------------------  
CLKOUT1                                                                                     dbg_hub/inst/BSCANID.u_xsdbm_id/SWITCH_N_EXT_BSCAN.bscan_inst/SERIES7_BSCAN.bscan_inst/TCK       18.559        0.000                      0                    8                                                                        
dbg_hub/inst/BSCANID.u_xsdbm_id/SWITCH_N_EXT_BSCAN.bscan_inst/SERIES7_BSCAN.bscan_inst/TCK  CLKOUT1                                                                                          31.703        0.000                      0                    8                                                                        
clk_pwm                                                                                     CLKOUT1                                                                                           6.340        0.000                      0                   27        0.197        0.000                      0                   27  
CLKOUT1                                                                                     clk_pwm                                                                                           7.168        0.000                      0                   12        0.169        0.000                      0                   12  


------------------------------------------------------------------------------------------------
| Other Path Groups Table
| -----------------------
------------------------------------------------------------------------------------------------

Path Group                                                                                  From Clock                                                                                  To Clock                                                                                        WNS(ns)      TNS(ns)  TNS Failing Endpoints  TNS Total Endpoints      WHS(ns)      THS(ns)  THS Failing Endpoints  THS Total Endpoints  
----------                                                                                  ----------                                                                                  --------                                                                                        -------      -------  ---------------------  -------------------      -------      -------  ---------------------  -------------------  
**async_default**                                                                           CLKOUT1                                                                                     CLKOUT1                                                                                          12.988        0.000                      0                  144        0.295        0.000                      0                  144  
**async_default**                                                                           clk_pwm                                                                                     clk_pwm                                                                                           8.474        0.000                      0                    6        0.441        0.000                      0                    6  
**async_default**                                                                           dbg_hub/inst/BSCANID.u_xsdbm_id/SWITCH_N_EXT_BSCAN.bscan_inst/SERIES7_BSCAN.bscan_inst/TCK  dbg_hub/inst/BSCANID.u_xsdbm_id/SWITCH_N_EXT_BSCAN.bscan_inst/SERIES7_BSCAN.bscan_inst/TCK       28.124        0.000                      0                  100        0.375        0.000                      0                  100  


------------------------------------------------------------------------------------------------
| Timing Details
| --------------
------------------------------------------------------------------------------------------------


---------------------------------------------------------------------------------------------------
From Clock:  dbg_hub/inst/BSCANID.u_xsdbm_id/SWITCH_N_EXT_BSCAN.bscan_inst/SERIES7_BSCAN.bscan_inst/TCK
  To Clock:  dbg_hub/inst/BSCANID.u_xsdbm_id/SWITCH_N_EXT_BSCAN.bscan_inst/SERIES7_BSCAN.bscan_inst/TCK

Setup :            0  Failing Endpoints,  Worst Slack       26.655ns,  Total Violation        0.000ns
Hold  :            0  Failing Endpoints,  Worst Slack        0.051ns,  Total Violation        0.000ns
PW    :            0  Failing Endpoints,  Worst Slack       15.250ns,  Total Violation        0.000ns
---------------------------------------------------------------------------------------------------


Max Delay Paths
--------------------------------------------------------------------------------------
Slack (MET) :             26.655ns  (required time - arrival time)
  Source:                 dbg_hub/inst/BSCANID.u_xsdbm_id/SWITCH_N_EXT_BSCAN.bscan_switch/state_reg[1]/C
                            (rising edge-triggered cell FDRE clocked by dbg_hub/inst/BSCANID.u_xsdbm_id/SWITCH_N_EXT_BSCAN.bscan_inst/SERIES7_BSCAN.bscan_inst/TCK  {rise@0.000ns fall@16.500ns period=33.000ns})
  Destination:            dbg_hub/inst/BSCANID.u_xsdbm_id/SWITCH_N_EXT_BSCAN.bscan_switch/portno_temp_reg[2]/D
                            (rising edge-triggered cell FDRE clocked by dbg_hub/inst/BSCANID.u_xsdbm_id/SWITCH_N_EXT_BSCAN.bscan_inst/SERIES7_BSCAN.bscan_inst/TCK  {rise@0.000ns fall@16.500ns period=33.000ns})
  Path Group:             dbg_hub/inst/BSCANID.u_xsdbm_id/SWITCH_N_EXT_BSCAN.bscan_inst/SERIES7_BSCAN.bscan_inst/TCK
  Path Type:              Setup (Max at Slow Process Corner)
  Requirement:            33.000ns  (dbg_hub/inst/BSCANID.u_xsdbm_id/SWITCH_N_EXT_BSCAN.bscan_inst/SERIES7_BSCAN.bscan_inst/TCK rise@33.000ns - dbg_hub/inst/BSCANID.u_xsdbm_id/SWITCH_N_EXT_BSCAN.bscan_inst/SERIES7_BSCAN.bscan_inst/TCK rise@0.000ns)
  Data Path Delay:        6.314ns  (logic 1.583ns (25.070%)  route 4.731ns (74.930%))
  Logic Levels:           6  (CARRY4=2 LUT3=1 LUT4=1 LUT5=1 LUT6=1)
  Clock Path Skew:        -0.024ns (DCD - SCD + CPR)
    Destination Clock Delay (DCD):    3.179ns = ( 36.179 - 33.000 ) 
    Source Clock Delay      (SCD):    3.633ns
    Clock Pessimism Removal (CPR):    0.430ns
  Clock Uncertainty:      0.035ns  ((TSJ^2 + TIJ^2)^1/2 + DJ) / 2 + PE
    Total System Jitter     (TSJ):    0.071ns
    Total Input Jitter      (TIJ):    0.000ns
    Discrete Jitter          (DJ):    0.000ns
    Phase Error              (PE):    0.000ns

    Location             Delay type                Incr(ns)  Path(ns)    Netlist Resource(s)
  -------------------------------------------------------------------    -------------------
                         (clock dbg_hub/inst/BSCANID.u_xsdbm_id/SWITCH_N_EXT_BSCAN.bscan_inst/SERIES7_BSCAN.bscan_inst/TCK rise edge)
                                                      0.000     0.000 r  
    BSCAN_X0Y0           BSCANE2                      0.000     0.000 r  dbg_hub/inst/BSCANID.u_xsdbm_id/SWITCH_N_EXT_BSCAN.bscan_inst/SERIES7_BSCAN.bscan_inst/TCK
                         net (fo=1, routed)           1.867     1.867    dbg_hub/inst/BSCANID.u_xsdbm_id/tck_bs
    BUFGCTRL_X0Y1        BUFG (Prop_bufg_I_O)         0.101     1.968 r  dbg_hub/inst/BSCANID.u_xsdbm_id/SWITCH_N_EXT_BSCAN.u_bufg_icon_tck/O
                         net (fo=486, routed)         1.665     3.633    dbg_hub/inst/BSCANID.u_xsdbm_id/SWITCH_N_EXT_BSCAN.bscan_switch/s_bscan_tck
    SLICE_X19Y32         FDRE                                         r  dbg_hub/inst/BSCANID.u_xsdbm_id/SWITCH_N_EXT_BSCAN.bscan_switch/state_reg[1]/C
  -------------------------------------------------------------------    -------------------
    SLICE_X19Y32         FDRE (Prop_fdre_C_Q)         0.419     4.052 r  dbg_hub/inst/BSCANID.u_xsdbm_id/SWITCH_N_EXT_BSCAN.bscan_switch/state_reg[1]/Q
                         net (fo=50, routed)          1.506     5.558    dbg_hub/inst/BSCANID.u_xsdbm_id/SWITCH_N_EXT_BSCAN.bscan_switch/state[1]
    SLICE_X15Y33         LUT4 (Prop_lut4_I3_O)        0.299     5.857 r  dbg_hub/inst/BSCANID.u_xsdbm_id/SWITCH_N_EXT_BSCAN.bscan_switch/curid_inferred_i_14/O
                         net (fo=2, routed)           0.986     6.843    dbg_hub/inst/BSCANID.u_xsdbm_id/SWITCH_N_EXT_BSCAN.bscan_switch/curid[18]
    SLICE_X16Y34         LUT6 (Prop_lut6_I3_O)        0.124     6.967 r  dbg_hub/inst/BSCANID.u_xsdbm_id/SWITCH_N_EXT_BSCAN.bscan_switch/state_temp[0]_i_9/O
                         net (fo=1, routed)           0.000     6.967    dbg_hub/inst/BSCANID.u_xsdbm_id/SWITCH_N_EXT_BSCAN.bscan_switch/state_temp[0]_i_9_n_0
    SLICE_X16Y34         CARRY4 (Prop_carry4_S[3]_CO[3])
                                                      0.376     7.343 r  dbg_hub/inst/BSCANID.u_xsdbm_id/SWITCH_N_EXT_BSCAN.bscan_switch/state_temp_reg[0]_i_4/CO[3]
                         net (fo=1, routed)           0.000     7.343    dbg_hub/inst/BSCANID.u_xsdbm_id/SWITCH_N_EXT_BSCAN.bscan_switch/state_temp_reg[0]_i_4_n_0
    SLICE_X16Y35         CARRY4 (Prop_carry4_CI_CO[3])
                                                      0.117     7.460 f  dbg_hub/inst/BSCANID.u_xsdbm_id/SWITCH_N_EXT_BSCAN.bscan_switch/state_temp_reg[0]_i_3/CO[3]
                         net (fo=4, routed)           1.401     8.861    dbg_hub/inst/BSCANID.u_xsdbm_id/SWITCH_N_EXT_BSCAN.bscan_switch/state_temp_reg[0]_i_3_n_0
    SLICE_X19Y32         LUT5 (Prop_lut5_I1_O)        0.124     8.985 r  dbg_hub/inst/BSCANID.u_xsdbm_id/SWITCH_N_EXT_BSCAN.bscan_switch/portno_temp[5]_i_2/O
                         net (fo=7, routed)           0.838     9.823    dbg_hub/inst/BSCANID.u_xsdbm_id/SWITCH_N_EXT_BSCAN.bscan_switch/portno_temp[5]_i_2_n_0
    SLICE_X17Y32         LUT3 (Prop_lut3_I1_O)        0.124     9.947 r  dbg_hub/inst/BSCANID.u_xsdbm_id/SWITCH_N_EXT_BSCAN.bscan_switch/portno_temp[2]_i_1/O
                         net (fo=1, routed)           0.000     9.947    dbg_hub/inst/BSCANID.u_xsdbm_id/SWITCH_N_EXT_BSCAN.bscan_switch/portno_temp[2]_i_1_n_0
    SLICE_X17Y32         FDRE                                         r  dbg_hub/inst/BSCANID.u_xsdbm_id/SWITCH_N_EXT_BSCAN.bscan_switch/portno_temp_reg[2]/D
  -------------------------------------------------------------------    -------------------

                         (clock dbg_hub/inst/BSCANID.u_xsdbm_id/SWITCH_N_EXT_BSCAN.bscan_inst/SERIES7_BSCAN.bscan_inst/TCK rise edge)
                                                     33.000    33.000 r  
    BSCAN_X0Y0           BSCANE2                      0.000    33.000 r  dbg_hub/inst/BSCANID.u_xsdbm_id/SWITCH_N_EXT_BSCAN.bscan_inst/SERIES7_BSCAN.bscan_inst/TCK
                         net (fo=1, routed)           1.596    34.596    dbg_hub/inst/BSCANID.u_xsdbm_id/tck_bs
    BUFGCTRL_X0Y1        BUFG (Prop_bufg_I_O)         0.091    34.687 r  dbg_hub/inst/BSCANID.u_xsdbm_id/SWITCH_N_EXT_BSCAN.u_bufg_icon_tck/O
                         net (fo=486, routed)         1.492    36.179    dbg_hub/inst/BSCANID.u_xsdbm_id/SWITCH_N_EXT_BSCAN.bscan_switch/s_bscan_tck
    SLICE_X17Y32         FDRE                                         r  dbg_hub/inst/BSCANID.u_xsdbm_id/SWITCH_N_EXT_BSCAN.bscan_switch/portno_temp_reg[2]/C
                         clock pessimism              0.430    36.609    
                         clock uncertainty           -0.035    36.573    
    SLICE_X17Y32         FDRE (Setup_fdre_C_D)        0.029    36.602    dbg_hub/inst/BSCANID.u_xsdbm_id/SWITCH_N_EXT_BSCAN.bscan_switch/portno_temp_reg[2]
  -------------------------------------------------------------------
                         required time                         36.602    
                         arrival time                          -9.947    
  -------------------------------------------------------------------
                         slack                                 26.655    





Min Delay Paths
--------------------------------------------------------------------------------------
Slack (MET) :             0.051ns  (arrival time - required time)
  Source:                 dbg_hub/inst/BSCANID.u_xsdbm_id/CORE_XSDB.UUT_MASTER/U_ICON_INTERFACE/U_CMD4/icn_cmd_din_temp_reg/C
                            (rising edge-triggered cell FDRE clocked by dbg_hub/inst/BSCANID.u_xsdbm_id/SWITCH_N_EXT_BSCAN.bscan_inst/SERIES7_BSCAN.bscan_inst/TCK  {rise@0.000ns fall@16.500ns period=33.000ns})
  Destination:            dbg_hub/inst/BSCANID.u_xsdbm_id/CORE_XSDB.UUT_MASTER/U_ICON_INTERFACE/U_CMD4/shift_reg_in_reg[27]/D
                            (rising edge-triggered cell FDRE clocked by dbg_hub/inst/BSCANID.u_xsdbm_id/SWITCH_N_EXT_BSCAN.bscan_inst/SERIES7_BSCAN.bscan_inst/TCK  {rise@0.000ns fall@16.500ns period=33.000ns})
  Path Group:             dbg_hub/inst/BSCANID.u_xsdbm_id/SWITCH_N_EXT_BSCAN.bscan_inst/SERIES7_BSCAN.bscan_inst/TCK
  Path Type:              Hold (Min at Fast Process Corner)
  Requirement:            0.000ns  (dbg_hub/inst/BSCANID.u_xsdbm_id/SWITCH_N_EXT_BSCAN.bscan_inst/SERIES7_BSCAN.bscan_inst/TCK rise@0.000ns - dbg_hub/inst/BSCANID.u_xsdbm_id/SWITCH_N_EXT_BSCAN.bscan_inst/SERIES7_BSCAN.bscan_inst/TCK rise@0.000ns)
  Data Path Delay:        0.360ns  (logic 0.164ns (45.619%)  route 0.196ns (54.381%))
  Logic Levels:           0  
  Clock Path Skew:        0.261ns (DCD - SCD - CPR)
    Destination Clock Delay (DCD):    1.706ns
    Source Clock Delay      (SCD):    1.320ns
    Clock Pessimism Removal (CPR):    0.124ns

    Location             Delay type                Incr(ns)  Path(ns)    Netlist Resource(s)
  -------------------------------------------------------------------    -------------------
                         (clock dbg_hub/inst/BSCANID.u_xsdbm_id/SWITCH_N_EXT_BSCAN.bscan_inst/SERIES7_BSCAN.bscan_inst/TCK rise edge)
                                                      0.000     0.000 r  
    BSCAN_X0Y0           BSCANE2                      0.000     0.000 r  dbg_hub/inst/BSCANID.u_xsdbm_id/SWITCH_N_EXT_BSCAN.bscan_inst/SERIES7_BSCAN.bscan_inst/TCK
                         net (fo=1, routed)           0.745     0.745    dbg_hub/inst/BSCANID.u_xsdbm_id/tck_bs
    BUFGCTRL_X0Y1        BUFG (Prop_bufg_I_O)         0.026     0.771 r  dbg_hub/inst/BSCANID.u_xsdbm_id/SWITCH_N_EXT_BSCAN.u_bufg_icon_tck/O
                         net (fo=486, routed)         0.550     1.320    dbg_hub/inst/BSCANID.u_xsdbm_id/CORE_XSDB.UUT_MASTER/U_ICON_INTERFACE/U_CMD4/m_bscan_tck[0]
    SLICE_X20Y27         FDRE                                         r  dbg_hub/inst/BSCANID.u_xsdbm_id/CORE_XSDB.UUT_MASTER/U_ICON_INTERFACE/U_CMD4/icn_cmd_din_temp_reg/C
  -------------------------------------------------------------------    -------------------
    SLICE_X20Y27         FDRE (Prop_fdre_C_Q)         0.164     1.484 r  dbg_hub/inst/BSCANID.u_xsdbm_id/CORE_XSDB.UUT_MASTER/U_ICON_INTERFACE/U_CMD4/icn_cmd_din_temp_reg/Q
                         net (fo=1, routed)           0.196     1.680    dbg_hub/inst/BSCANID.u_xsdbm_id/CORE_XSDB.UUT_MASTER/U_ICON_INTERFACE/U_CMD4/icn_cmd_din_temp
    SLICE_X25Y28         FDRE                                         r  dbg_hub/inst/BSCANID.u_xsdbm_id/CORE_XSDB.UUT_MASTER/U_ICON_INTERFACE/U_CMD4/shift_reg_in_reg[27]/D
  -------------------------------------------------------------------    -------------------

                         (clock dbg_hub/inst/BSCANID.u_xsdbm_id/SWITCH_N_EXT_BSCAN.bscan_inst/SERIES7_BSCAN.bscan_inst/TCK rise edge)
                                                      0.000     0.000 r  
    BSCAN_X0Y0           BSCANE2                      0.000     0.000 r  dbg_hub/inst/BSCANID.u_xsdbm_id/SWITCH_N_EXT_BSCAN.bscan_inst/SERIES7_BSCAN.bscan_inst/TCK
                         net (fo=1, routed)           0.861     0.861    dbg_hub/inst/BSCANID.u_xsdbm_id/tck_bs
    BUFGCTRL_X0Y1        BUFG (Prop_bufg_I_O)         0.029     0.890 r  dbg_hub/inst/BSCANID.u_xsdbm_id/SWITCH_N_EXT_BSCAN.u_bufg_icon_tck/O
                         net (fo=486, routed)         0.816     1.706    dbg_hub/inst/BSCANID.u_xsdbm_id/CORE_XSDB.UUT_MASTER/U_ICON_INTERFACE/U_CMD4/m_bscan_tck[0]
    SLICE_X25Y28         FDRE                                         r  dbg_hub/inst/BSCANID.u_xsdbm_id/CORE_XSDB.UUT_MASTER/U_ICON_INTERFACE/U_CMD4/shift_reg_in_reg[27]/C
                         clock pessimism             -0.124     1.582    
    SLICE_X25Y28         FDRE (Hold_fdre_C_D)         0.047     1.629    dbg_hub/inst/BSCANID.u_xsdbm_id/CORE_XSDB.UUT_MASTER/U_ICON_INTERFACE/U_CMD4/shift_reg_in_reg[27]
  -------------------------------------------------------------------
                         required time                         -1.629    
                         arrival time                           1.680    
  -------------------------------------------------------------------
                         slack                                  0.051    





Pulse Width Checks
--------------------------------------------------------------------------------------
Clock Name:         dbg_hub/inst/BSCANID.u_xsdbm_id/SWITCH_N_EXT_BSCAN.bscan_inst/SERIES7_BSCAN.bscan_inst/TCK
Waveform(ns):       { 0.000 16.500 }
Period(ns):         33.000
Sources:            { dbg_hub/inst/BSCANID.u_xsdbm_id/SWITCH_N_EXT_BSCAN.bscan_inst/SERIES7_BSCAN.bscan_inst/TCK }

Check Type        Corner  Lib Pin     Reference Pin  Required(ns)  Actual(ns)  Slack(ns)  Location       Pin
Min Period        n/a     BUFG/I      n/a            2.155         33.000      30.845     BUFGCTRL_X0Y1  dbg_hub/inst/BSCANID.u_xsdbm_id/SWITCH_N_EXT_BSCAN.u_bufg_icon_tck/I
Low Pulse Width   Fast    RAMD32/CLK  n/a            1.250         16.500      15.250     SLICE_X12Y17   dbg_hub/inst/BSCANID.u_xsdbm_id/CORE_XSDB.UUT_MASTER/U_ICON_INTERFACE/U_CMD6_WR/U_WR_FIFO/SUBCORE_FIFO.xsdbm_v3_0_0_wrfifo_inst/inst_fifo_gen/gconvfifo.rf/grf.rf/gntv_or_sync_fifo.mem/gdm.dm_gen.dm/RAM_reg_0_15_0_5/RAMA/CLK
High Pulse Width  Slow    RAMD32/CLK  n/a            1.250         16.500      15.250     SLICE_X12Y17   dbg_hub/inst/BSCANID.u_xsdbm_id/CORE_XSDB.UUT_MASTER/U_ICON_INTERFACE/U_CMD6_WR/U_WR_FIFO/SUBCORE_FIFO.xsdbm_v3_0_0_wrfifo_inst/inst_fifo_gen/gconvfifo.rf/grf.rf/gntv_or_sync_fifo.mem/gdm.dm_gen.dm/RAM_reg_0_15_0_5/RAMA/CLK



---------------------------------------------------------------------------------------------------
From Clock:  sys_clk_pin
  To Clock:  sys_clk_pin

Setup :           NA  Failing Endpoints,  Worst Slack           NA  ,  Total Violation           NA
Hold  :           NA  Failing Endpoints,  Worst Slack           NA  ,  Total Violation           NA
PW    :            0  Failing Endpoints,  Worst Slack        3.000ns,  Total Violation        0.000ns
---------------------------------------------------------------------------------------------------


Pulse Width Checks
--------------------------------------------------------------------------------------
Clock Name:         sys_clk_pin
Waveform(ns):       { 0.000 5.000 }
Period(ns):         10.000
Sources:            { sys_clk }

Check Type        Corner  Lib Pin            Reference Pin  Required(ns)  Actual(ns)  Slack(ns)  Location         Pin
Min Period        n/a     BUFG/I             n/a            2.155         10.000      7.845      BUFGCTRL_X0Y16   clk_gbuffer/I
Max Period        n/a     MMCME2_ADV/CLKIN1  n/a            100.000       10.000      90.000     MMCME2_ADV_X0Y0  mmcm_adv/CLKIN1
Low Pulse Width   Slow    MMCME2_ADV/CLKIN1  n/a            2.000         5.000       3.000      MMCME2_ADV_X0Y0  mmcm_adv/CLKIN1
High Pulse Width  Fast    MMCME2_ADV/CLKIN1  n/a            2.000         5.000       3.000      MMCME2_ADV_X0Y0  mmcm_adv/CLKIN1



---------------------------------------------------------------------------------------------------
From Clock:  CLKOUT1
  To Clock:  CLKOUT1

Setup :            0  Failing Endpoints,  Worst Slack       11.674ns,  Total Violation        0.000ns
Hold  :            0  Failing Endpoints,  Worst Slack        0.037ns,  Total Violation        0.000ns
PW    :            0  Failing Endpoints,  Worst Slack        8.750ns,  Total Violation        0.000ns
---------------------------------------------------------------------------------------------------


Max Delay Paths
--------------------------------------------------------------------------------------
Slack (MET) :             11.674ns  (required time - arrival time)
  Source:                 debug_gen.debug_ila/inst/ila_core_inst/u_ila_regs/U_XSDB_SLAVE/G_1PIPE_IFACE.s_daddr_r_reg[0]/C
                            (rising edge-triggered cell FDRE clocked by CLKOUT1  {rise@0.000ns fall@10.000ns period=20.000ns})
  Destination:            debug_gen.debug_ila/inst/ila_core_inst/xsdb_memory_read_inst/read_en_reg/D
                            (rising edge-triggered cell FDRE clocked by CLKOUT1  {rise@0.000ns fall@10.000ns period=20.000ns})
  Path Group:             CLKOUT1
  Path Type:              Setup (Max at Slow Process Corner)
  Requirement:            20.000ns  (CLKOUT1 rise@20.000ns - CLKOUT1 rise@0.000ns)
  Data Path Delay:        7.981ns  (logic 1.330ns (16.665%)  route 6.651ns (83.335%))
  Logic Levels:           5  (LUT2=1 LUT3=1 LUT6=3)
  Clock Path Skew:        0.020ns (DCD - SCD + CPR)
    Destination Clock Delay (DCD):    8.225ns = ( 28.225 - 20.000 ) 
    Source Clock Delay      (SCD):    8.961ns
    Clock Pessimism Removal (CPR):    0.757ns
  Clock Uncertainty:      0.076ns  ((TSJ^2 + DJ^2)^1/2) / 2 + PE
    Total System Jitter     (TSJ):    0.071ns
    Discrete Jitter          (DJ):    0.135ns
    Phase Error              (PE):    0.000ns

    Location             Delay type                Incr(ns)  Path(ns)    Netlist Resource(s)
  -------------------------------------------------------------------    -------------------
                         (clock CLKOUT1 rise edge)    0.000     0.000 r  
    L16                                               0.000     0.000 r  sys_clk (IN)
                         net (fo=0)                   0.000     0.000    sys_clk
    L16                  IBUF (Prop_ibuf_I_O)         1.491     1.491 r  sys_clk_ibuffer/O
                         net (fo=1, routed)           2.076     3.567    obuf_clk
    BUFGCTRL_X0Y16       BUFG (Prop_bufg_I_O)         0.101     3.668 r  clk_gbuffer/O
                         net (fo=2, routed)           1.680     5.348    gobuf_clk
    MMCME2_ADV_X0Y0      MMCME2_ADV (Prop_mmcme2_adv_CLKIN1_CLKOUT1)
                                                      0.088     5.436 r  mmcm_adv/CLKOUT1
                         net (fo=1, routed)           1.760     7.196    CLKOUT1
    BUFGCTRL_X0Y0        BUFG (Prop_bufg_I_O)         0.101     7.297 r  CLKOUT1_BUFG_inst/O
                         net (fo=2177, routed)        1.664     8.961    debug_gen.debug_ila/inst/ila_core_inst/u_ila_regs/U_XSDB_SLAVE/sl_iport_i[1]
    SLICE_X25Y14         FDRE                                         r  debug_gen.debug_ila/inst/ila_core_inst/u_ila_regs/U_XSDB_SLAVE/G_1PIPE_IFACE.s_daddr_r_reg[0]/C
  -------------------------------------------------------------------    -------------------
    SLICE_X25Y14         FDRE (Prop_fdre_C_Q)         0.456     9.417 f  debug_gen.debug_ila/inst/ila_core_inst/u_ila_regs/U_XSDB_SLAVE/G_1PIPE_IFACE.s_daddr_r_reg[0]/Q
                         net (fo=149, routed)         3.027    12.445    debug_gen.debug_ila/inst/ila_core_inst/u_ila_regs/s_daddr[0]
    SLICE_X34Y17         LUT2 (Prop_lut2_I1_O)        0.146    12.591 r  debug_gen.debug_ila/inst/ila_core_inst/u_ila_regs/slaveRegDo_mux_0[9]_i_7/O
                         net (fo=5, routed)           0.488    13.078    debug_gen.debug_ila/inst/ila_core_inst/u_ila_regs/slaveRegDo_mux_0[9]_i_7_n_0
    SLICE_X34Y17         LUT6 (Prop_lut6_I1_O)        0.328    13.406 r  debug_gen.debug_ila/inst/ila_core_inst/u_ila_regs/current_state[4]_i_2/O
                         net (fo=5, routed)           1.077    14.484    debug_gen.debug_ila/inst/ila_core_inst/u_ila_regs/read_data_en
    SLICE_X39Y15         LUT6 (Prop_lut6_I0_O)        0.124    14.608 r  debug_gen.debug_ila/inst/ila_core_inst/u_ila_regs/read_en_i_3/O
                         net (fo=1, routed)           0.843    15.450    debug_gen.debug_ila/inst/ila_core_inst/xsdb_memory_read_inst/read_en_reg_0
    SLICE_X40Y15         LUT6 (Prop_lut6_I0_O)        0.124    15.574 r  debug_gen.debug_ila/inst/ila_core_inst/xsdb_memory_read_inst/read_en_i_2/O
                         net (fo=2, routed)           0.679    16.253    debug_gen.debug_ila/inst/ila_core_inst/xsdb_memory_read_inst/read_en_0
    SLICE_X40Y15         LUT3 (Prop_lut3_I1_O)        0.152    16.405 r  debug_gen.debug_ila/inst/ila_core_inst/xsdb_memory_read_inst/read_en_i_1/O
                         net (fo=1, routed)           0.537    16.942    debug_gen.debug_ila/inst/ila_core_inst/xsdb_memory_read_inst/read_en_i_1_n_0
    SLICE_X39Y15         FDRE                                         r  debug_gen.debug_ila/inst/ila_core_inst/xsdb_memory_read_inst/read_en_reg/D
  -------------------------------------------------------------------    -------------------

                         (clock CLKOUT1 rise edge)   20.000    20.000 r  
    L16                                               0.000    20.000 r  sys_clk (IN)
                         net (fo=0)                   0.000    20.000    sys_clk
    L16                  IBUF (Prop_ibuf_I_O)         1.421    21.421 r  sys_clk_ibuffer/O
                         net (fo=1, routed)           1.880    23.301    obuf_clk
    BUFGCTRL_X0Y16       BUFG (Prop_bufg_I_O)         0.091    23.392 r  clk_gbuffer/O
                         net (fo=2, routed)           1.490    24.882    gobuf_clk
    MMCME2_ADV_X0Y0      MMCME2_ADV (Prop_mmcme2_adv_CLKIN1_CLKOUT1)
                                                      0.083    24.965 r  mmcm_adv/CLKOUT1
                         net (fo=1, routed)           1.599    26.564    CLKOUT1
    BUFGCTRL_X0Y0        BUFG (Prop_bufg_I_O)         0.091    26.655 r  CLKOUT1_BUFG_inst/O
                         net (fo=2177, routed)        1.569    28.225    debug_gen.debug_ila/inst/ila_core_inst/xsdb_memory_read_inst/s_dclk_o
    SLICE_X39Y15         FDRE                                         r  debug_gen.debug_ila/inst/ila_core_inst/xsdb_memory_read_inst/read_en_reg/C
                         clock pessimism              0.757    28.981    
                         clock uncertainty           -0.076    28.905    
    SLICE_X39Y15         FDRE (Setup_fdre_C_D)       -0.289    28.616    debug_gen.debug_ila/inst/ila_core_inst/xsdb_memory_read_inst/read_en_reg
  -------------------------------------------------------------------
                         required time                         28.616    
                         arrival time                         -16.942    
  -------------------------------------------------------------------
                         slack                                 11.674    





Min Delay Paths
--------------------------------------------------------------------------------------
Slack (MET) :             0.037ns  (arrival time - required time)
  Source:                 dbg_hub/inst/BSCANID.u_xsdbm_id/CORE_XSDB.UUT_MASTER/U_XSDB_BUS_MSTR2SL_PORT_IFACE/MA_RD_DIN_O_reg[0]/C
                            (rising edge-triggered cell FDRE clocked by CLKOUT1  {rise@0.000ns fall@10.000ns period=20.000ns})
  Destination:            dbg_hub/inst/BSCANID.u_xsdbm_id/CORE_XSDB.UUT_MASTER/U_ICON_INTERFACE/U_CMD6_RD/U_RD_FIFO/SUBCORE_FIFO.xsdbm_v3_0_0_rdfifo_inst/inst_fifo_gen/gconvfifo.rf/grf.rf/gntv_or_sync_fifo.mem/gdm.dm_gen.dm/RAM_reg_0_15_0_5/RAMA/I
                            (rising edge-triggered cell RAMD32 clocked by CLKOUT1  {rise@0.000ns fall@10.000ns period=20.000ns})
  Path Group:             CLKOUT1
  Path Type:              Hold (Min at Fast Process Corner)
  Requirement:            0.000ns  (CLKOUT1 rise@0.000ns - CLKOUT1 rise@0.000ns)
  Data Path Delay:        0.197ns  (logic 0.141ns (71.611%)  route 0.056ns (28.389%))
  Logic Levels:           0  
  Clock Path Skew:        0.013ns (DCD - SCD - CPR)
    Destination Clock Delay (DCD):    3.403ns
    Source Clock Delay      (SCD):    2.569ns
    Clock Pessimism Removal (CPR):    0.821ns

    Location             Delay type                Incr(ns)  Path(ns)    Netlist Resource(s)
  -------------------------------------------------------------------    -------------------
                         (clock CLKOUT1 rise edge)    0.000     0.000 r  
    L16                                               0.000     0.000 r  sys_clk (IN)
                         net (fo=0)                   0.000     0.000    sys_clk
    L16                  IBUF (Prop_ibuf_I_O)         0.259     0.259 r  sys_clk_ibuffer/O
                         net (fo=1, routed)           0.627     0.886    obuf_clk
    BUFGCTRL_X0Y16       BUFG (Prop_bufg_I_O)         0.026     0.912 r  clk_gbuffer/O
                         net (fo=2, routed)           0.548     1.460    gobuf_clk
    MMCME2_ADV_X0Y0      MMCME2_ADV (Prop_mmcme2_adv_CLKIN1_CLKOUT1)
                                                      0.050     1.510 r  mmcm_adv/CLKOUT1
                         net (fo=1, routed)           0.482     1.992    CLKOUT1
    BUFGCTRL_X0Y0        BUFG (Prop_bufg_I_O)         0.026     2.018 r  CLKOUT1_BUFG_inst/O
                         net (fo=2177, routed)        0.552     2.569    dbg_hub/inst/BSCANID.u_xsdbm_id/CORE_XSDB.UUT_MASTER/U_XSDB_BUS_MSTR2SL_PORT_IFACE/clk
    SLICE_X21Y19         FDRE                                         r  dbg_hub/inst/BSCANID.u_xsdbm_id/CORE_XSDB.UUT_MASTER/U_XSDB_BUS_MSTR2SL_PORT_IFACE/MA_RD_DIN_O_reg[0]/C
  -------------------------------------------------------------------    -------------------
    SLICE_X21Y19         FDRE (Prop_fdre_C_Q)         0.141     2.710 r  dbg_hub/inst/BSCANID.u_xsdbm_id/CORE_XSDB.UUT_MASTER/U_XSDB_BUS_MSTR2SL_PORT_IFACE/MA_RD_DIN_O_reg[0]/Q
                         net (fo=1, routed)           0.056     2.766    dbg_hub/inst/BSCANID.u_xsdbm_id/CORE_XSDB.UUT_MASTER/U_ICON_INTERFACE/U_CMD6_RD/U_RD_FIFO/SUBCORE_FIFO.xsdbm_v3_0_0_rdfifo_inst/inst_fifo_gen/gconvfifo.rf/grf.rf/gntv_or_sync_fifo.mem/gdm.dm_gen.dm/RAM_reg_0_15_0_5/DIA0
    SLICE_X20Y19         RAMD32                                       r  dbg_hub/inst/BSCANID.u_xsdbm_id/CORE_XSDB.UUT_MASTER/U_ICON_INTERFACE/U_CMD6_RD/U_RD_FIFO/SUBCORE_FIFO.xsdbm_v3_0_0_rdfifo_inst/inst_fifo_gen/gconvfifo.rf/grf.rf/gntv_or_sync_fifo.mem/gdm.dm_gen.dm/RAM_reg_0_15_0_5/RAMA/I
  -------------------------------------------------------------------    -------------------

                         (clock CLKOUT1 rise edge)    0.000     0.000 r  
    L16                                               0.000     0.000 r  sys_clk (IN)
                         net (fo=0)                   0.000     0.000    sys_clk
    L16                  IBUF (Prop_ibuf_I_O)         0.447     0.447 r  sys_clk_ibuffer/O
                         net (fo=1, routed)           0.683     1.130    obuf_clk
    BUFGCTRL_X0Y16       BUFG (Prop_bufg_I_O)         0.029     1.159 r  clk_gbuffer/O
                         net (fo=2, routed)           0.814     1.973    gobuf_clk
    MMCME2_ADV_X0Y0      MMCME2_ADV (Prop_mmcme2_adv_CLKIN1_CLKOUT1)
                                                      0.053     2.026 r  mmcm_adv/CLKOUT1
                         net (fo=1, routed)           0.528     2.554    CLKOUT1
    BUFGCTRL_X0Y0        BUFG (Prop_bufg_I_O)         0.029     2.583 r  CLKOUT1_BUFG_inst/O
                         net (fo=2177, routed)        0.820     3.403    dbg_hub/inst/BSCANID.u_xsdbm_id/CORE_XSDB.UUT_MASTER/U_ICON_INTERFACE/U_CMD6_RD/U_RD_FIFO/SUBCORE_FIFO.xsdbm_v3_0_0_rdfifo_inst/inst_fifo_gen/gconvfifo.rf/grf.rf/gntv_or_sync_fifo.mem/gdm.dm_gen.dm/RAM_reg_0_15_0_5/WCLK
    SLICE_X20Y19         RAMD32                                       r  dbg_hub/inst/BSCANID.u_xsdbm_id/CORE_XSDB.UUT_MASTER/U_ICON_INTERFACE/U_CMD6_RD/U_RD_FIFO/SUBCORE_FIFO.xsdbm_v3_0_0_rdfifo_inst/inst_fifo_gen/gconvfifo.rf/grf.rf/gntv_or_sync_fifo.mem/gdm.dm_gen.dm/RAM_reg_0_15_0_5/RAMA/CLK
                         clock pessimism             -0.821     2.582    
    SLICE_X20Y19         RAMD32 (Hold_ramd32_CLK_I)
                                                      0.147     2.729    dbg_hub/inst/BSCANID.u_xsdbm_id/CORE_XSDB.UUT_MASTER/U_ICON_INTERFACE/U_CMD6_RD/U_RD_FIFO/SUBCORE_FIFO.xsdbm_v3_0_0_rdfifo_inst/inst_fifo_gen/gconvfifo.rf/grf.rf/gntv_or_sync_fifo.mem/gdm.dm_gen.dm/RAM_reg_0_15_0_5/RAMA
  -------------------------------------------------------------------
                         required time                         -2.729    
                         arrival time                           2.766    
  -------------------------------------------------------------------
                         slack                                  0.037    





Pulse Width Checks
--------------------------------------------------------------------------------------
Clock Name:         CLKOUT1
Waveform(ns):       { 0.000 10.000 }
Period(ns):         20.000
Sources:            { mmcm_adv/CLKOUT1 }

Check Type        Corner  Lib Pin             Reference Pin  Required(ns)  Actual(ns)  Slack(ns)  Location         Pin
Min Period        n/a     RAMB36E1/CLKARDCLK  n/a            2.944         20.000      17.056     RAMB36_X2Y2      debug_gen.debug_ila/inst/ila_core_inst/ila_trace_memory_inst/SUBCORE_RAM_BLK_MEM_1.trace_block_memory/inst_blk_mem_gen/gnbram.gnativebmg.native_blk_mem_gen/valid.cstr/ramloop[0].ram.r/prim_noinit.ram/DEVICE_7SERIES.NO_BMM_INFO.SDP.SIMPLE_PRIM36.ram/CLKARDCLK
Max Period        n/a     MMCME2_ADV/CLKOUT1  n/a            213.360       20.000      193.360    MMCME2_ADV_X0Y0  mmcm_adv/CLKOUT1
Low Pulse Width   Slow    RAMD32/CLK          n/a            1.250         10.000      8.750      SLICE_X16Y19     dbg_hub/inst/BSCANID.u_xsdbm_id/CORE_XSDB.UUT_MASTER/U_ICON_INTERFACE/U_CMD6_RD/U_RD_FIFO/SUBCORE_FIFO.xsdbm_v3_0_0_rdfifo_inst/inst_fifo_gen/gconvfifo.rf/grf.rf/gntv_or_sync_fifo.mem/gdm.dm_gen.dm/RAM_reg_0_15_12_15/RAMA/CLK
High Pulse Width  Slow    RAMD32/CLK          n/a            1.250         10.000      8.750      SLICE_X20Y19     dbg_hub/inst/BSCANID.u_xsdbm_id/CORE_XSDB.UUT_MASTER/U_ICON_INTERFACE/U_CMD6_RD/U_RD_FIFO/SUBCORE_FIFO.xsdbm_v3_0_0_rdfifo_inst/inst_fifo_gen/gconvfifo.rf/grf.rf/gntv_or_sync_fifo.mem/gdm.dm_gen.dm/RAM_reg_0_15_0_5/RAMA/CLK



---------------------------------------------------------------------------------------------------
From Clock:  clk_pwm
  To Clock:  clk_pwm

Setup :            0  Failing Endpoints,  Worst Slack        5.378ns,  Total Violation        0.000ns
Hold  :            0  Failing Endpoints,  Worst Slack        0.126ns,  Total Violation        0.000ns
PW    :            0  Failing Endpoints,  Worst Slack        4.020ns,  Total Violation        0.000ns
---------------------------------------------------------------------------------------------------


Max Delay Paths
--------------------------------------------------------------------------------------
Slack (MET) :             5.378ns  (required time - arrival time)
  Source:                 buffered_pwm/input_buffer/memory_reg/CLKBWRCLK
                            (rising edge-triggered cell RAMB18E1 clocked by clk_pwm  {rise@0.000ns fall@5.000ns period=10.000ns})
  Destination:            buffered_pwm/channels_gen[0].pwm_ich/set_scaler_type_signed.rsc/product_reg/A[23]
                            (rising edge-triggered cell DSP48E1 clocked by clk_pwm  {rise@0.000ns fall@5.000ns period=10.000ns})
  Path Group:             clk_pwm
  Path Type:              Setup (Max at Slow Process Corner)
  Requirement:            10.000ns  (clk_pwm rise@10.000ns - clk_pwm rise@0.000ns)
  Data Path Delay:        4.180ns  (logic 2.454ns (58.711%)  route 1.726ns (41.289%))
  Logic Levels:           0  
  Clock Path Skew:        -0.011ns (DCD - SCD + CPR)
    Destination Clock Delay (DCD):    8.245ns = ( 18.245 - 10.000 ) 
    Source Clock Delay      (SCD):    9.013ns
    Clock Pessimism Removal (CPR):    0.757ns
  Clock Uncertainty:      0.069ns  ((TSJ^2 + DJ^2)^1/2) / 2 + PE
    Total System Jitter     (TSJ):    0.071ns
    Discrete Jitter          (DJ):    0.118ns
    Phase Error              (PE):    0.000ns

    Location             Delay type                Incr(ns)  Path(ns)    Netlist Resource(s)
  -------------------------------------------------------------------    -------------------
                         (clock clk_pwm rise edge)    0.000     0.000 r  
    L16                                               0.000     0.000 r  sys_clk (IN)
                         net (fo=0)                   0.000     0.000    sys_clk
    L16                  IBUF (Prop_ibuf_I_O)         1.491     1.491 r  sys_clk_ibuffer/O
                         net (fo=1, routed)           2.076     3.567    obuf_clk
    BUFGCTRL_X0Y16       BUFG (Prop_bufg_I_O)         0.101     3.668 r  clk_gbuffer/O
                         net (fo=2, routed)           1.680     5.348    gobuf_clk
    MMCME2_ADV_X0Y0      MMCME2_ADV (Prop_mmcme2_adv_CLKIN1_CLKOUT2)
                                                      0.088     5.436 r  mmcm_adv/CLKOUT2
                         net (fo=1, routed)           1.760     7.196    clk_pwm
    BUFGCTRL_X0Y2        BUFG (Prop_bufg_I_O)         0.101     7.297 r  clk_pwm_BUFG_inst/O
                         net (fo=210, routed)         1.715     9.013    buffered_pwm/input_buffer/clk_pwm_BUFG
    RAMB18_X1Y2          RAMB18E1                                     r  buffered_pwm/input_buffer/memory_reg/CLKBWRCLK
  -------------------------------------------------------------------    -------------------
    RAMB18_X1Y2          RAMB18E1 (Prop_ramb18e1_CLKBWRCLK_DOBDO[5])
                                                      2.454    11.467 r  buffered_pwm/input_buffer/memory_reg/DOBDO[5]
                         net (fo=25, routed)          1.726    13.193    buffered_pwm/channels_gen[0].pwm_ich/set_scaler_type_signed.rsc/DOBDO[5]
    DSP48_X1Y2           DSP48E1                                      r  buffered_pwm/channels_gen[0].pwm_ich/set_scaler_type_signed.rsc/product_reg/A[23]
  -------------------------------------------------------------------    -------------------

                         (clock clk_pwm rise edge)   10.000    10.000 r  
    L16                                               0.000    10.000 r  sys_clk (IN)
                         net (fo=0)                   0.000    10.000    sys_clk
    L16                  IBUF (Prop_ibuf_I_O)         1.421    11.421 r  sys_clk_ibuffer/O
                         net (fo=1, routed)           1.880    13.301    obuf_clk
    BUFGCTRL_X0Y16       BUFG (Prop_bufg_I_O)         0.091    13.392 r  clk_gbuffer/O
                         net (fo=2, routed)           1.490    14.882    gobuf_clk
    MMCME2_ADV_X0Y0      MMCME2_ADV (Prop_mmcme2_adv_CLKIN1_CLKOUT2)
                                                      0.083    14.965 r  mmcm_adv/CLKOUT2
                         net (fo=1, routed)           1.599    16.564    clk_pwm
    BUFGCTRL_X0Y2        BUFG (Prop_bufg_I_O)         0.091    16.655 r  clk_pwm_BUFG_inst/O
                         net (fo=210, routed)         1.590    18.245    buffered_pwm/channels_gen[0].pwm_ich/set_scaler_type_signed.rsc/clk_pwm_BUFG
    DSP48_X1Y2           DSP48E1                                      r  buffered_pwm/channels_gen[0].pwm_ich/set_scaler_type_signed.rsc/product_reg/CLK
                         clock pessimism              0.757    19.002    
                         clock uncertainty           -0.069    18.933    
    DSP48_X1Y2           DSP48E1 (Setup_dsp48e1_CLK_A[23])
                                                     -0.362    18.571    buffered_pwm/channels_gen[0].pwm_ich/set_scaler_type_signed.rsc/product_reg
  -------------------------------------------------------------------
                         required time                         18.571    
                         arrival time                         -13.193    
  -------------------------------------------------------------------
                         slack                                  5.378    





Min Delay Paths
--------------------------------------------------------------------------------------
Slack (MET) :             0.126ns  (arrival time - required time)
  Source:                 buffered_pwm/input_buffer/wr_ptr_gray_rd1_reg[4]/C
                            (rising edge-triggered cell FDRE clocked by clk_pwm  {rise@0.000ns fall@5.000ns period=10.000ns})
  Destination:            buffered_pwm/input_buffer/wr_ptr_gray_rd2_reg[4]/D
                            (rising edge-triggered cell FDRE clocked by clk_pwm  {rise@0.000ns fall@5.000ns period=10.000ns})
  Path Group:             clk_pwm
  Path Type:              Hold (Min at Fast Process Corner)
  Requirement:            0.000ns  (clk_pwm rise@0.000ns - clk_pwm rise@0.000ns)
  Data Path Delay:        0.197ns  (logic 0.141ns (71.611%)  route 0.056ns (28.389%))
  Logic Levels:           0  
  Clock Path Skew:        0.000ns (DCD - SCD - CPR)
    Destination Clock Delay (DCD):    3.412ns
    Source Clock Delay      (SCD):    2.578ns
    Clock Pessimism Removal (CPR):    0.834ns

    Location             Delay type                Incr(ns)  Path(ns)    Netlist Resource(s)
  -------------------------------------------------------------------    -------------------
                         (clock clk_pwm rise edge)    0.000     0.000 r  
    L16                                               0.000     0.000 r  sys_clk (IN)
                         net (fo=0)                   0.000     0.000    sys_clk
    L16                  IBUF (Prop_ibuf_I_O)         0.259     0.259 r  sys_clk_ibuffer/O
                         net (fo=1, routed)           0.627     0.886    obuf_clk
    BUFGCTRL_X0Y16       BUFG (Prop_bufg_I_O)         0.026     0.912 r  clk_gbuffer/O
                         net (fo=2, routed)           0.548     1.460    gobuf_clk
    MMCME2_ADV_X0Y0      MMCME2_ADV (Prop_mmcme2_adv_CLKIN1_CLKOUT2)
                                                      0.050     1.510 r  mmcm_adv/CLKOUT2
                         net (fo=1, routed)           0.482     1.992    clk_pwm
    BUFGCTRL_X0Y2        BUFG (Prop_bufg_I_O)         0.026     2.018 r  clk_pwm_BUFG_inst/O
                         net (fo=210, routed)         0.561     2.578    buffered_pwm/input_buffer/clk_pwm_BUFG
    SLICE_X23Y2          FDRE                                         r  buffered_pwm/input_buffer/wr_ptr_gray_rd1_reg[4]/C
  -------------------------------------------------------------------    -------------------
    SLICE_X23Y2          FDRE (Prop_fdre_C_Q)         0.141     2.719 r  buffered_pwm/input_buffer/wr_ptr_gray_rd1_reg[4]/Q
                         net (fo=1, routed)           0.056     2.775    buffered_pwm/input_buffer/wr_ptr_gray_rd1[4]
    SLICE_X23Y2          FDRE                                         r  buffered_pwm/input_buffer/wr_ptr_gray_rd2_reg[4]/D
  -------------------------------------------------------------------    -------------------

                         (clock clk_pwm rise edge)    0.000     0.000 r  
    L16                                               0.000     0.000 r  sys_clk (IN)
                         net (fo=0)                   0.000     0.000    sys_clk
    L16                  IBUF (Prop_ibuf_I_O)         0.447     0.447 r  sys_clk_ibuffer/O
                         net (fo=1, routed)           0.683     1.130    obuf_clk
    BUFGCTRL_X0Y16       BUFG (Prop_bufg_I_O)         0.029     1.159 r  clk_gbuffer/O
                         net (fo=2, routed)           0.814     1.973    gobuf_clk
    MMCME2_ADV_X0Y0      MMCME2_ADV (Prop_mmcme2_adv_CLKIN1_CLKOUT2)
                                                      0.053     2.026 r  mmcm_adv/CLKOUT2
                         net (fo=1, routed)           0.528     2.554    clk_pwm
    BUFGCTRL_X0Y2        BUFG (Prop_bufg_I_O)         0.029     2.583 r  clk_pwm_BUFG_inst/O
                         net (fo=210, routed)         0.829     3.412    buffered_pwm/input_buffer/clk_pwm_BUFG
    SLICE_X23Y2          FDRE                                         r  buffered_pwm/input_buffer/wr_ptr_gray_rd2_reg[4]/C
                         clock pessimism             -0.834     2.578    
    SLICE_X23Y2          FDRE (Hold_fdre_C_D)         0.071     2.649    buffered_pwm/input_buffer/wr_ptr_gray_rd2_reg[4]
  -------------------------------------------------------------------
                         required time                         -2.649    
                         arrival time                           2.775    
  -------------------------------------------------------------------
                         slack                                  0.126    





Pulse Width Checks
--------------------------------------------------------------------------------------
Clock Name:         clk_pwm
Waveform(ns):       { 0.000 5.000 }
Period(ns):         10.000
Sources:            { mmcm_adv/CLKOUT2 }

Check Type        Corner  Lib Pin             Reference Pin  Required(ns)  Actual(ns)  Slack(ns)  Location         Pin
Min Period        n/a     RAMB18E1/CLKBWRCLK  n/a            2.576         10.000      7.424      RAMB18_X1Y2      buffered_pwm/input_buffer/memory_reg/CLKBWRCLK
Max Period        n/a     MMCME2_ADV/CLKOUT2  n/a            213.360       10.000      203.360    MMCME2_ADV_X0Y0  mmcm_adv/CLKOUT2
Low Pulse Width   Slow    SRL16E/CLK          n/a            0.980         5.000       4.020      SLICE_X34Y7      buffered_pwm/rst_sync_reg[2]_srl3/CLK
High Pulse Width  Slow    SRL16E/CLK          n/a            0.980         5.000       4.020      SLICE_X34Y7      buffered_pwm/rst_sync_reg[2]_srl3/CLK



---------------------------------------------------------------------------------------------------
From Clock:  mmcm_fb_in
  To Clock:  mmcm_fb_in

Setup :           NA  Failing Endpoints,  Worst Slack           NA  ,  Total Violation           NA
Hold  :           NA  Failing Endpoints,  Worst Slack           NA  ,  Total Violation           NA
PW    :            0  Failing Endpoints,  Worst Slack        8.751ns,  Total Violation        0.000ns
---------------------------------------------------------------------------------------------------


Pulse Width Checks
--------------------------------------------------------------------------------------
Clock Name:         mmcm_fb_in
Waveform(ns):       { 0.000 5.000 }
Period(ns):         10.000
Sources:            { mmcm_adv/CLKFBOUT }

Check Type  Corner  Lib Pin              Reference Pin  Required(ns)  Actual(ns)  Slack(ns)  Location         Pin
Min Period  n/a     MMCME2_ADV/CLKFBOUT  n/a            1.249         10.000      8.751      MMCME2_ADV_X0Y0  mmcm_adv/CLKFBOUT
Max Period  n/a     MMCME2_ADV/CLKFBIN   n/a            100.000       10.000      90.000     MMCME2_ADV_X0Y0  mmcm_adv/CLKFBIN



---------------------------------------------------------------------------------------------------
From Clock:  CLKOUT1
  To Clock:  dbg_hub/inst/BSCANID.u_xsdbm_id/SWITCH_N_EXT_BSCAN.bscan_inst/SERIES7_BSCAN.bscan_inst/TCK

Setup :            0  Failing Endpoints,  Worst Slack       18.559ns,  Total Violation        0.000ns
Hold  :           NA  Failing Endpoints,  Worst Slack           NA  ,  Total Violation           NA
---------------------------------------------------------------------------------------------------


Max Delay Paths
--------------------------------------------------------------------------------------
Slack (MET) :             18.559ns  (required time - arrival time)
  Source:                 dbg_hub/inst/BSCANID.u_xsdbm_id/CORE_XSDB.UUT_MASTER/U_ICON_INTERFACE/U_CMD6_WR/U_WR_FIFO/SUBCORE_FIFO.xsdbm_v3_0_0_wrfifo_inst/inst_fifo_gen/gconvfifo.rf/grf.rf/gntv_or_sync_fifo.gcx.clkx/gnxpm_cdc.rd_pntr_gc_reg[2]/C
                            (rising edge-triggered cell FDCE clocked by CLKOUT1  {rise@0.000ns fall@10.000ns period=20.000ns})
  Destination:            dbg_hub/inst/BSCANID.u_xsdbm_id/CORE_XSDB.UUT_MASTER/U_ICON_INTERFACE/U_CMD6_WR/U_WR_FIFO/SUBCORE_FIFO.xsdbm_v3_0_0_wrfifo_inst/inst_fifo_gen/gconvfifo.rf/grf.rf/gntv_or_sync_fifo.gcx.clkx/gnxpm_cdc.gsync_stage[1].wr_stg_inst/Q_reg_reg[2]/D
                            (rising edge-triggered cell FDCE clocked by dbg_hub/inst/BSCANID.u_xsdbm_id/SWITCH_N_EXT_BSCAN.bscan_inst/SERIES7_BSCAN.bscan_inst/TCK  {rise@0.000ns fall@16.500ns period=33.000ns})
  Path Group:             dbg_hub/inst/BSCANID.u_xsdbm_id/SWITCH_N_EXT_BSCAN.bscan_inst/SERIES7_BSCAN.bscan_inst/TCK
  Path Type:              Setup (Max at Slow Process Corner)
  Requirement:            20.000ns  (MaxDelay Path 20.000ns)
  Data Path Delay:        1.219ns  (logic 0.478ns (39.217%)  route 0.741ns (60.783%))
  Logic Levels:           0  
  Timing Exception:       MaxDelay Path 20.000ns -datapath_only

    Location             Delay type                Incr(ns)  Path(ns)    Netlist Resource(s)
  -------------------------------------------------------------------    -------------------
    SLICE_X10Y20                                      0.000     0.000 r  dbg_hub/inst/BSCANID.u_xsdbm_id/CORE_XSDB.UUT_MASTER/U_ICON_INTERFACE/U_CMD6_WR/U_WR_FIFO/SUBCORE_FIFO.xsdbm_v3_0_0_wrfifo_inst/inst_fifo_gen/gconvfifo.rf/grf.rf/gntv_or_sync_fifo.gcx.clkx/gnxpm_cdc.rd_pntr_gc_reg[2]/C
    SLICE_X10Y20         FDCE (Prop_fdce_C_Q)         0.478     0.478 r  dbg_hub/inst/BSCANID.u_xsdbm_id/CORE_XSDB.UUT_MASTER/U_ICON_INTERFACE/U_CMD6_WR/U_WR_FIFO/SUBCORE_FIFO.xsdbm_v3_0_0_wrfifo_inst/inst_fifo_gen/gconvfifo.rf/grf.rf/gntv_or_sync_fifo.gcx.clkx/gnxpm_cdc.rd_pntr_gc_reg[2]/Q
                         net (fo=1, routed)           0.741     1.219    dbg_hub/inst/BSCANID.u_xsdbm_id/CORE_XSDB.UUT_MASTER/U_ICON_INTERFACE/U_CMD6_WR/U_WR_FIFO/SUBCORE_FIFO.xsdbm_v3_0_0_wrfifo_inst/inst_fifo_gen/gconvfifo.rf/grf.rf/gntv_or_sync_fifo.gcx.clkx/gnxpm_cdc.gsync_stage[1].wr_stg_inst/Q[2]
    SLICE_X8Y19          FDCE                                         r  dbg_hub/inst/BSCANID.u_xsdbm_id/CORE_XSDB.UUT_MASTER/U_ICON_INTERFACE/U_CMD6_WR/U_WR_FIFO/SUBCORE_FIFO.xsdbm_v3_0_0_wrfifo_inst/inst_fifo_gen/gconvfifo.rf/grf.rf/gntv_or_sync_fifo.gcx.clkx/gnxpm_cdc.gsync_stage[1].wr_stg_inst/Q_reg_reg[2]/D
  -------------------------------------------------------------------    -------------------

                         max delay                   20.000    20.000    
    SLICE_X8Y19          FDCE (Setup_fdce_C_D)       -0.222    19.778    dbg_hub/inst/BSCANID.u_xsdbm_id/CORE_XSDB.UUT_MASTER/U_ICON_INTERFACE/U_CMD6_WR/U_WR_FIFO/SUBCORE_FIFO.xsdbm_v3_0_0_wrfifo_inst/inst_fifo_gen/gconvfifo.rf/grf.rf/gntv_or_sync_fifo.gcx.clkx/gnxpm_cdc.gsync_stage[1].wr_stg_inst/Q_reg_reg[2]
  -------------------------------------------------------------------
                         required time                         19.778    
                         arrival time                          -1.219    
  -------------------------------------------------------------------
                         slack                                 18.559    





---------------------------------------------------------------------------------------------------
From Clock:  dbg_hub/inst/BSCANID.u_xsdbm_id/SWITCH_N_EXT_BSCAN.bscan_inst/SERIES7_BSCAN.bscan_inst/TCK
  To Clock:  CLKOUT1

Setup :            0  Failing Endpoints,  Worst Slack       31.703ns,  Total Violation        0.000ns
Hold  :           NA  Failing Endpoints,  Worst Slack           NA  ,  Total Violation           NA
---------------------------------------------------------------------------------------------------


Max Delay Paths
--------------------------------------------------------------------------------------
Slack (MET) :             31.703ns  (required time - arrival time)
  Source:                 dbg_hub/inst/BSCANID.u_xsdbm_id/CORE_XSDB.UUT_MASTER/U_ICON_INTERFACE/U_CMD6_RD/U_RD_FIFO/SUBCORE_FIFO.xsdbm_v3_0_0_rdfifo_inst/inst_fifo_gen/gconvfifo.rf/grf.rf/gntv_or_sync_fifo.gcx.clkx/gnxpm_cdc.rd_pntr_gc_reg[1]/C
                            (rising edge-triggered cell FDCE clocked by dbg_hub/inst/BSCANID.u_xsdbm_id/SWITCH_N_EXT_BSCAN.bscan_inst/SERIES7_BSCAN.bscan_inst/TCK  {rise@0.000ns fall@16.500ns period=33.000ns})
  Destination:            dbg_hub/inst/BSCANID.u_xsdbm_id/CORE_XSDB.UUT_MASTER/U_ICON_INTERFACE/U_CMD6_RD/U_RD_FIFO/SUBCORE_FIFO.xsdbm_v3_0_0_rdfifo_inst/inst_fifo_gen/gconvfifo.rf/grf.rf/gntv_or_sync_fifo.gcx.clkx/gnxpm_cdc.gsync_stage[1].wr_stg_inst/Q_reg_reg[1]/D
                            (rising edge-triggered cell FDCE clocked by CLKOUT1  {rise@0.000ns fall@10.000ns period=20.000ns})
  Path Group:             CLKOUT1
  Path Type:              Setup (Max at Slow Process Corner)
  Requirement:            33.000ns  (MaxDelay Path 33.000ns)
  Data Path Delay:        1.202ns  (logic 0.456ns (37.940%)  route 0.746ns (62.060%))
  Logic Levels:           0  
  Timing Exception:       MaxDelay Path 33.000ns -datapath_only

    Location             Delay type                Incr(ns)  Path(ns)    Netlist Resource(s)
  -------------------------------------------------------------------    -------------------
    SLICE_X19Y21                                      0.000     0.000 r  dbg_hub/inst/BSCANID.u_xsdbm_id/CORE_XSDB.UUT_MASTER/U_ICON_INTERFACE/U_CMD6_RD/U_RD_FIFO/SUBCORE_FIFO.xsdbm_v3_0_0_rdfifo_inst/inst_fifo_gen/gconvfifo.rf/grf.rf/gntv_or_sync_fifo.gcx.clkx/gnxpm_cdc.rd_pntr_gc_reg[1]/C
    SLICE_X19Y21         FDCE (Prop_fdce_C_Q)         0.456     0.456 r  dbg_hub/inst/BSCANID.u_xsdbm_id/CORE_XSDB.UUT_MASTER/U_ICON_INTERFACE/U_CMD6_RD/U_RD_FIFO/SUBCORE_FIFO.xsdbm_v3_0_0_rdfifo_inst/inst_fifo_gen/gconvfifo.rf/grf.rf/gntv_or_sync_fifo.gcx.clkx/gnxpm_cdc.rd_pntr_gc_reg[1]/Q
                         net (fo=1, routed)           0.746     1.202    dbg_hub/inst/BSCANID.u_xsdbm_id/CORE_XSDB.UUT_MASTER/U_ICON_INTERFACE/U_CMD6_RD/U_RD_FIFO/SUBCORE_FIFO.xsdbm_v3_0_0_rdfifo_inst/inst_fifo_gen/gconvfifo.rf/grf.rf/gntv_or_sync_fifo.gcx.clkx/gnxpm_cdc.gsync_stage[1].wr_stg_inst/Q[1]
    SLICE_X19Y22         FDCE                                         r  dbg_hub/inst/BSCANID.u_xsdbm_id/CORE_XSDB.UUT_MASTER/U_ICON_INTERFACE/U_CMD6_RD/U_RD_FIFO/SUBCORE_FIFO.xsdbm_v3_0_0_rdfifo_inst/inst_fifo_gen/gconvfifo.rf/grf.rf/gntv_or_sync_fifo.gcx.clkx/gnxpm_cdc.gsync_stage[1].wr_stg_inst/Q_reg_reg[1]/D
  -------------------------------------------------------------------    -------------------

                         max delay                   33.000    33.000    
    SLICE_X19Y22         FDCE (Setup_fdce_C_D)       -0.095    32.905    dbg_hub/inst/BSCANID.u_xsdbm_id/CORE_XSDB.UUT_MASTER/U_ICON_INTERFACE/U_CMD6_RD/U_RD_FIFO/SUBCORE_FIFO.xsdbm_v3_0_0_rdfifo_inst/inst_fifo_gen/gconvfifo.rf/grf.rf/gntv_or_sync_fifo.gcx.clkx/gnxpm_cdc.gsync_stage[1].wr_stg_inst/Q_reg_reg[1]
  -------------------------------------------------------------------
                         required time                         32.905    
                         arrival time                          -1.202    
  -------------------------------------------------------------------
                         slack                                 31.703    





---------------------------------------------------------------------------------------------------
From Clock:  clk_pwm
  To Clock:  CLKOUT1

Setup :            0  Failing Endpoints,  Worst Slack        6.340ns,  Total Violation        0.000ns
Hold  :            0  Failing Endpoints,  Worst Slack        0.197ns,  Total Violation        0.000ns
---------------------------------------------------------------------------------------------------


Max Delay Paths
--------------------------------------------------------------------------------------
Slack (MET) :             6.340ns  (required time - arrival time)
  Source:                 buffered_pwm/channels_gen[1].pwm_ich/dead_time_ctrl/pwm_n_out_reg_reg/C
                            (rising edge-triggered cell FDRE clocked by clk_pwm  {rise@0.000ns fall@5.000ns period=10.000ns})
  Destination:            debug_gen.debug_ila/inst/ila_core_inst/u_trig/U_TM/N_DDR_MODE.G_NMU[3].U_M/allx_typeA_match_detection.ltlib_v1_0_0_allx_typeA_inst/probeDelay1_reg[1]/D
                            (rising edge-triggered cell FDRE clocked by CLKOUT1  {rise@0.000ns fall@10.000ns period=20.000ns})
  Path Group:             CLKOUT1
  Path Type:              Setup (Max at Slow Process Corner)
  Requirement:            10.000ns  (CLKOUT1 rise@20.000ns - clk_pwm rise@10.000ns)
  Data Path Delay:        3.027ns  (logic 0.580ns (19.163%)  route 2.447ns (80.837%))
  Logic Levels:           1  (LUT4=1)
  Clock Path Skew:        -0.357ns (DCD - SCD + CPR)
    Destination Clock Delay (DCD):    8.222ns = ( 28.222 - 20.000 ) 
    Source Clock Delay      (SCD):    9.049ns = ( 19.049 - 10.000 ) 
    Clock Pessimism Removal (CPR):    0.471ns
  Clock Uncertainty:      0.196ns  ((TSJ^2 + DJ^2)^1/2) / 2 + PE
    Total System Jitter     (TSJ):    0.071ns
    Discrete Jitter          (DJ):    0.135ns
    Phase Error              (PE):    0.120ns

    Location             Delay type                Incr(ns)  Path(ns)    Netlist Resource(s)
  -------------------------------------------------------------------    -------------------
                         (clock clk_pwm rise edge)   10.000    10.000 r  
    L16                                               0.000    10.000 r  sys_clk (IN)
                         net (fo=0)                   0.000    10.000    sys_clk
    L16                  IBUF (Prop_ibuf_I_O)         1.491    11.491 r  sys_clk_ibuffer/O
                         net (fo=1, routed)           2.076    13.567    obuf_clk
    BUFGCTRL_X0Y16       BUFG (Prop_bufg_I_O)         0.101    13.668 r  clk_gbuffer/O
                         net (fo=2, routed)           1.680    15.348    gobuf_clk
    MMCME2_ADV_X0Y0      MMCME2_ADV (Prop_mmcme2_adv_CLKIN1_CLKOUT2)
                                                      0.088    15.436 r  mmcm_adv/CLKOUT2
                         net (fo=1, routed)           1.760    17.196    clk_pwm
    BUFGCTRL_X0Y2        BUFG (Prop_bufg_I_O)         0.101    17.297 r  clk_pwm_BUFG_inst/O
                         net (fo=210, routed)         1.752    19.049    buffered_pwm/channels_gen[1].pwm_ich/dead_time_ctrl/clk_pwm_BUFG
    SLICE_X37Y6          FDRE                                         r  buffered_pwm/channels_gen[1].pwm_ich/dead_time_ctrl/pwm_n_out_reg_reg/C
  -------------------------------------------------------------------    -------------------
    SLICE_X37Y6          FDRE (Prop_fdre_C_Q)         0.456    19.505 r  buffered_pwm/channels_gen[1].pwm_ich/dead_time_ctrl/pwm_n_out_reg_reg/Q
                         net (fo=1, routed)           0.890    20.395    buffered_pwm/channels_gen[1].pwm_ich/dead_time_ctrl/pwm_n_out_reg_reg_n_0
    SLICE_X37Y8          LUT4 (Prop_lut4_I0_O)        0.124    20.519 r  buffered_pwm/channels_gen[1].pwm_ich/dead_time_ctrl/pwm_obufs[1].pwm_n_channel_obuf_i_1/O
                         net (fo=3, routed)           1.557    22.076    debug_gen.debug_ila/inst/ila_core_inst/u_trig/U_TM/N_DDR_MODE.G_NMU[3].U_M/allx_typeA_match_detection.ltlib_v1_0_0_allx_typeA_inst/probe3[1]
    SLICE_X41Y18         FDRE                                         r  debug_gen.debug_ila/inst/ila_core_inst/u_trig/U_TM/N_DDR_MODE.G_NMU[3].U_M/allx_typeA_match_detection.ltlib_v1_0_0_allx_typeA_inst/probeDelay1_reg[1]/D
  -------------------------------------------------------------------    -------------------

                         (clock CLKOUT1 rise edge)   20.000    20.000 r  
    L16                                               0.000    20.000 r  sys_clk (IN)
                         net (fo=0)                   0.000    20.000    sys_clk
    L16                  IBUF (Prop_ibuf_I_O)         1.421    21.421 r  sys_clk_ibuffer/O
                         net (fo=1, routed)           1.880    23.301    obuf_clk
    BUFGCTRL_X0Y16       BUFG (Prop_bufg_I_O)         0.091    23.392 r  clk_gbuffer/O
                         net (fo=2, routed)           1.490    24.882    gobuf_clk
    MMCME2_ADV_X0Y0      MMCME2_ADV (Prop_mmcme2_adv_CLKIN1_CLKOUT1)
                                                      0.083    24.965 r  mmcm_adv/CLKOUT1
                         net (fo=1, routed)           1.599    26.564    CLKOUT1
    BUFGCTRL_X0Y0        BUFG (Prop_bufg_I_O)         0.091    26.655 r  CLKOUT1_BUFG_inst/O
                         net (fo=2177, routed)        1.566    28.222    debug_gen.debug_ila/inst/ila_core_inst/u_trig/U_TM/N_DDR_MODE.G_NMU[3].U_M/allx_typeA_match_detection.ltlib_v1_0_0_allx_typeA_inst/I_IS_TERMINATION_SLICE_W_OUTPUT_REG.DOUT_O_reg
    SLICE_X41Y18         FDRE                                         r  debug_gen.debug_ila/inst/ila_core_inst/u_trig/U_TM/N_DDR_MODE.G_NMU[3].U_M/allx_typeA_match_detection.ltlib_v1_0_0_allx_typeA_inst/probeDelay1_reg[1]/C
                         clock pessimism              0.471    28.693    
                         clock uncertainty           -0.196    28.497    
    SLICE_X41Y18         FDRE (Setup_fdre_C_D)       -0.081    28.416    debug_gen.debug_ila/inst/ila_core_inst/u_trig/U_TM/N_DDR_MODE.G_NMU[3].U_M/allx_typeA_match_detection.ltlib_v1_0_0_allx_typeA_inst/probeDelay1_reg[1]
  -------------------------------------------------------------------
                         required time                         28.416    
                         arrival time                         -22.076    
  -------------------------------------------------------------------
                         slack                                  6.340    





Min Delay Paths
--------------------------------------------------------------------------------------
Slack (MET) :             0.197ns  (arrival time - required time)
  Source:                 buffered_pwm/input_buffer/rd_ptr_gray_reg[6]/C
                            (rising edge-triggered cell FDRE clocked by clk_pwm  {rise@0.000ns fall@5.000ns period=10.000ns})
  Destination:            buffered_pwm/input_buffer/rd_ptr_gray_wr1_reg[6]/D
                            (rising edge-triggered cell FDRE clocked by CLKOUT1  {rise@0.000ns fall@10.000ns period=20.000ns})
  Path Group:             CLKOUT1
  Path Type:              Hold (Min at Fast Process Corner)
  Requirement:            0.000ns  (CLKOUT1 rise@0.000ns - clk_pwm rise@0.000ns)
  Data Path Delay:        0.773ns  (logic 0.141ns (18.244%)  route 0.632ns (81.756%))
  Logic Levels:           0  
  Clock Path Skew:        0.320ns (DCD - SCD - CPR)
    Destination Clock Delay (DCD):    3.414ns
    Source Clock Delay      (SCD):    2.577ns
    Clock Pessimism Removal (CPR):    0.516ns
  Clock Uncertainty:      0.196ns  ((TSJ^2 + DJ^2)^1/2) / 2 + PE
    Total System Jitter     (TSJ):    0.071ns
    Discrete Jitter          (DJ):    0.135ns
    Phase Error              (PE):    0.120ns

    Location             Delay type                Incr(ns)  Path(ns)    Netlist Resource(s)
  -------------------------------------------------------------------    -------------------
                         (clock clk_pwm rise edge)    0.000     0.000 r  
    L16                                               0.000     0.000 r  sys_clk (IN)
                         net (fo=0)                   0.000     0.000    sys_clk
    L16                  IBUF (Prop_ibuf_I_O)         0.259     0.259 r  sys_clk_ibuffer/O
                         net (fo=1, routed)           0.627     0.886    obuf_clk
    BUFGCTRL_X0Y16       BUFG (Prop_bufg_I_O)         0.026     0.912 r  clk_gbuffer/O
                         net (fo=2, routed)           0.548     1.460    gobuf_clk
    MMCME2_ADV_X0Y0      MMCME2_ADV (Prop_mmcme2_adv_CLKIN1_CLKOUT2)
                                                      0.050     1.510 r  mmcm_adv/CLKOUT2
                         net (fo=1, routed)           0.482     1.992    clk_pwm
    BUFGCTRL_X0Y2        BUFG (Prop_bufg_I_O)         0.026     2.018 r  clk_pwm_BUFG_inst/O
                         net (fo=210, routed)         0.560     2.577    buffered_pwm/input_buffer/clk_pwm_BUFG
    SLICE_X23Y5          FDRE                                         r  buffered_pwm/input_buffer/rd_ptr_gray_reg[6]/C
  -------------------------------------------------------------------    -------------------
    SLICE_X23Y5          FDRE (Prop_fdre_C_Q)         0.141     2.718 r  buffered_pwm/input_buffer/rd_ptr_gray_reg[6]/Q
                         net (fo=1, routed)           0.632     3.350    buffered_pwm/input_buffer/rd_ptr_gray[6]
    SLICE_X18Y4          FDRE                                         r  buffered_pwm/input_buffer/rd_ptr_gray_wr1_reg[6]/D
  -------------------------------------------------------------------    -------------------

                         (clock CLKOUT1 rise edge)    0.000     0.000 r  
    L16                                               0.000     0.000 r  sys_clk (IN)
                         net (fo=0)                   0.000     0.000    sys_clk
    L16                  IBUF (Prop_ibuf_I_O)         0.447     0.447 r  sys_clk_ibuffer/O
                         net (fo=1, routed)           0.683     1.130    obuf_clk
    BUFGCTRL_X0Y16       BUFG (Prop_bufg_I_O)         0.029     1.159 r  clk_gbuffer/O
                         net (fo=2, routed)           0.814     1.973    gobuf_clk
    MMCME2_ADV_X0Y0      MMCME2_ADV (Prop_mmcme2_adv_CLKIN1_CLKOUT1)
                                                      0.053     2.026 r  mmcm_adv/CLKOUT1
                         net (fo=1, routed)           0.528     2.554    CLKOUT1
    BUFGCTRL_X0Y0        BUFG (Prop_bufg_I_O)         0.029     2.583 r  CLKOUT1_BUFG_inst/O
                         net (fo=2177, routed)        0.831     3.414    buffered_pwm/input_buffer/CLKOUT1_BUFG
    SLICE_X18Y4          FDRE                                         r  buffered_pwm/input_buffer/rd_ptr_gray_wr1_reg[6]/C
                         clock pessimism             -0.516     2.898    
                         clock uncertainty            0.196     3.094    
    SLICE_X18Y4          FDRE (Hold_fdre_C_D)         0.059     3.153    buffered_pwm/input_buffer/rd_ptr_gray_wr1_reg[6]
  -------------------------------------------------------------------
                         required time                         -3.153    
                         arrival time                           3.350    
  -------------------------------------------------------------------
                         slack                                  0.197    





---------------------------------------------------------------------------------------------------
From Clock:  CLKOUT1
  To Clock:  clk_pwm

Setup :            0  Failing Endpoints,  Worst Slack        7.168ns,  Total Violation        0.000ns
Hold  :            0  Failing Endpoints,  Worst Slack        0.169ns,  Total Violation        0.000ns
---------------------------------------------------------------------------------------------------


Max Delay Paths
--------------------------------------------------------------------------------------
Slack (MET) :             7.168ns  (required time - arrival time)
  Source:                 buffered_pwm/input_buffer/wr_ptr_gray_reg[7]/C
                            (rising edge-triggered cell FDRE clocked by CLKOUT1  {rise@0.000ns fall@10.000ns period=20.000ns})
  Destination:            buffered_pwm/input_buffer/wr_ptr_gray_rd1_reg[7]/D
                            (rising edge-triggered cell FDRE clocked by clk_pwm  {rise@0.000ns fall@5.000ns period=10.000ns})
  Path Group:             clk_pwm
  Path Type:              Setup (Max at Slow Process Corner)
  Requirement:            10.000ns  (clk_pwm rise@10.000ns - CLKOUT1 rise@0.000ns)
  Data Path Delay:        2.194ns  (logic 0.518ns (23.612%)  route 1.676ns (76.388%))
  Logic Levels:           0  
  Clock Path Skew:        -0.349ns (DCD - SCD + CPR)
    Destination Clock Delay (DCD):    8.151ns = ( 18.151 - 10.000 ) 
    Source Clock Delay      (SCD):    8.970ns
    Clock Pessimism Removal (CPR):    0.471ns
  Clock Uncertainty:      0.196ns  ((TSJ^2 + DJ^2)^1/2) / 2 + PE
    Total System Jitter     (TSJ):    0.071ns
    Discrete Jitter          (DJ):    0.135ns
    Phase Error              (PE):    0.120ns

    Location             Delay type                Incr(ns)  Path(ns)    Netlist Resource(s)
  -------------------------------------------------------------------    -------------------
                         (clock CLKOUT1 rise edge)    0.000     0.000 r  
    L16                                               0.000     0.000 r  sys_clk (IN)
                         net (fo=0)                   0.000     0.000    sys_clk
    L16                  IBUF (Prop_ibuf_I_O)         1.491     1.491 r  sys_clk_ibuffer/O
                         net (fo=1, routed)           2.076     3.567    obuf_clk
    BUFGCTRL_X0Y16       BUFG (Prop_bufg_I_O)         0.101     3.668 r  clk_gbuffer/O
                         net (fo=2, routed)           1.680     5.348    gobuf_clk
    MMCME2_ADV_X0Y0      MMCME2_ADV (Prop_mmcme2_adv_CLKIN1_CLKOUT1)
                                                      0.088     5.436 r  mmcm_adv/CLKOUT1
                         net (fo=1, routed)           1.760     7.196    CLKOUT1
    BUFGCTRL_X0Y0        BUFG (Prop_bufg_I_O)         0.101     7.297 r  CLKOUT1_BUFG_inst/O
                         net (fo=2177, routed)        1.673     8.970    buffered_pwm/input_buffer/CLKOUT1_BUFG
    SLICE_X20Y3          FDRE                                         r  buffered_pwm/input_buffer/wr_ptr_gray_reg[7]/C
  -------------------------------------------------------------------    -------------------
    SLICE_X20Y3          FDRE (Prop_fdre_C_Q)         0.518     9.488 r  buffered_pwm/input_buffer/wr_ptr_gray_reg[7]/Q
                         net (fo=1, routed)           1.676    11.164    buffered_pwm/input_buffer/wr_ptr_gray[7]
    SLICE_X22Y3          FDRE                                         r  buffered_pwm/input_buffer/wr_ptr_gray_rd1_reg[7]/D
  -------------------------------------------------------------------    -------------------

                         (clock clk_pwm rise edge)   10.000    10.000 r  
    L16                                               0.000    10.000 r  sys_clk (IN)
                         net (fo=0)                   0.000    10.000    sys_clk
    L16                  IBUF (Prop_ibuf_I_O)         1.421    11.421 r  sys_clk_ibuffer/O
                         net (fo=1, routed)           1.880    13.301    obuf_clk
    BUFGCTRL_X0Y16       BUFG (Prop_bufg_I_O)         0.091    13.392 r  clk_gbuffer/O
                         net (fo=2, routed)           1.490    14.882    gobuf_clk
    MMCME2_ADV_X0Y0      MMCME2_ADV (Prop_mmcme2_adv_CLKIN1_CLKOUT2)
                                                      0.083    14.965 r  mmcm_adv/CLKOUT2
                         net (fo=1, routed)           1.599    16.564    clk_pwm
    BUFGCTRL_X0Y2        BUFG (Prop_bufg_I_O)         0.091    16.655 r  clk_pwm_BUFG_inst/O
                         net (fo=210, routed)         1.495    18.151    buffered_pwm/input_buffer/clk_pwm_BUFG
    SLICE_X22Y3          FDRE                                         r  buffered_pwm/input_buffer/wr_ptr_gray_rd1_reg[7]/C
                         clock pessimism              0.471    18.622    
                         clock uncertainty           -0.196    18.426    
    SLICE_X22Y3          FDRE (Setup_fdre_C_D)       -0.093    18.333    buffered_pwm/input_buffer/wr_ptr_gray_rd1_reg[7]
  -------------------------------------------------------------------
                         required time                         18.333    
                         arrival time                         -11.164    
  -------------------------------------------------------------------
                         slack                                  7.168    





Min Delay Paths
--------------------------------------------------------------------------------------
Slack (MET) :             0.169ns  (arrival time - required time)
  Source:                 buffered_pwm/input_buffer/wr_ptr_gray_reg[6]/C
                            (rising edge-triggered cell FDRE clocked by CLKOUT1  {rise@0.000ns fall@10.000ns period=20.000ns})
  Destination:            buffered_pwm/input_buffer/wr_ptr_gray_rd1_reg[6]/D
                            (rising edge-triggered cell FDRE clocked by clk_pwm  {rise@0.000ns fall@5.000ns period=10.000ns})
  Path Group:             clk_pwm
  Path Type:              Hold (Min at Fast Process Corner)
  Requirement:            0.000ns  (clk_pwm rise@0.000ns - CLKOUT1 rise@0.000ns)
  Data Path Delay:        0.760ns  (logic 0.141ns (18.553%)  route 0.619ns (81.447%))
  Logic Levels:           0  
  Clock Path Skew:        0.318ns (DCD - SCD - CPR)
    Destination Clock Delay (DCD):    3.412ns
    Source Clock Delay      (SCD):    2.577ns
    Clock Pessimism Removal (CPR):    0.516ns
  Clock Uncertainty:      0.196ns  ((TSJ^2 + DJ^2)^1/2) / 2 + PE
    Total System Jitter     (TSJ):    0.071ns
    Discrete Jitter          (DJ):    0.135ns
    Phase Error              (PE):    0.120ns

    Location             Delay type                Incr(ns)  Path(ns)    Netlist Resource(s)
  -------------------------------------------------------------------    -------------------
                         (clock CLKOUT1 rise edge)    0.000     0.000 r  
    L16                                               0.000     0.000 r  sys_clk (IN)
                         net (fo=0)                   0.000     0.000    sys_clk
    L16                  IBUF (Prop_ibuf_I_O)         0.259     0.259 r  sys_clk_ibuffer/O
                         net (fo=1, routed)           0.627     0.886    obuf_clk
    BUFGCTRL_X0Y16       BUFG (Prop_bufg_I_O)         0.026     0.912 r  clk_gbuffer/O
                         net (fo=2, routed)           0.548     1.460    gobuf_clk
    MMCME2_ADV_X0Y0      MMCME2_ADV (Prop_mmcme2_adv_CLKIN1_CLKOUT1)
                                                      0.050     1.510 r  mmcm_adv/CLKOUT1
                         net (fo=1, routed)           0.482     1.992    CLKOUT1
    BUFGCTRL_X0Y0        BUFG (Prop_bufg_I_O)         0.026     2.018 r  CLKOUT1_BUFG_inst/O
                         net (fo=2177, routed)        0.560     2.577    buffered_pwm/input_buffer/CLKOUT1_BUFG
    SLICE_X21Y4          FDRE                                         r  buffered_pwm/input_buffer/wr_ptr_gray_reg[6]/C
  -------------------------------------------------------------------    -------------------
    SLICE_X21Y4          FDRE (Prop_fdre_C_Q)         0.141     2.718 r  buffered_pwm/input_buffer/wr_ptr_gray_reg[6]/Q
                         net (fo=1, routed)           0.619     3.337    buffered_pwm/input_buffer/wr_ptr_gray[6]
    SLICE_X25Y2          FDRE                                         r  buffered_pwm/input_buffer/wr_ptr_gray_rd1_reg[6]/D
  -------------------------------------------------------------------    -------------------

                         (clock clk_pwm rise edge)    0.000     0.000 r  
    L16                                               0.000     0.000 r  sys_clk (IN)
                         net (fo=0)                   0.000     0.000    sys_clk
    L16                  IBUF (Prop_ibuf_I_O)         0.447     0.447 r  sys_clk_ibuffer/O
                         net (fo=1, routed)           0.683     1.130    obuf_clk
    BUFGCTRL_X0Y16       BUFG (Prop_bufg_I_O)         0.029     1.159 r  clk_gbuffer/O
                         net (fo=2, routed)           0.814     1.973    gobuf_clk
    MMCME2_ADV_X0Y0      MMCME2_ADV (Prop_mmcme2_adv_CLKIN1_CLKOUT2)
                                                      0.053     2.026 r  mmcm_adv/CLKOUT2
                         net (fo=1, routed)           0.528     2.554    clk_pwm
    BUFGCTRL_X0Y2        BUFG (Prop_bufg_I_O)         0.029     2.583 r  clk_pwm_BUFG_inst/O
                         net (fo=210, routed)         0.829     3.412    buffered_pwm/input_buffer/clk_pwm_BUFG
    SLICE_X25Y2          FDRE                                         r  buffered_pwm/input_buffer/wr_ptr_gray_rd1_reg[6]/C
                         clock pessimism             -0.516     2.896    
                         clock uncertainty            0.196     3.092    
    SLICE_X25Y2          FDRE (Hold_fdre_C_D)         0.076     3.168    buffered_pwm/input_buffer/wr_ptr_gray_rd1_reg[6]
  -------------------------------------------------------------------
                         required time                         -3.168    
                         arrival time                           3.337    
  -------------------------------------------------------------------
                         slack                                  0.169    





---------------------------------------------------------------------------------------------------
Path Group:  **async_default**
From Clock:  CLKOUT1
  To Clock:  CLKOUT1

Setup :            0  Failing Endpoints,  Worst Slack       12.988ns,  Total Violation        0.000ns
Hold  :            0  Failing Endpoints,  Worst Slack        0.295ns,  Total Violation        0.000ns
---------------------------------------------------------------------------------------------------


Max Delay Paths
--------------------------------------------------------------------------------------
Slack (MET) :             12.988ns  (required time - arrival time)
  Source:                 rst_shreg_reg[2]/C
                            (rising edge-triggered cell FDSE clocked by CLKOUT1  {rise@0.000ns fall@10.000ns period=20.000ns})
  Destination:            buffered_pwm/dec_sine/count_reg_reg[1]/CLR
                            (recovery check against rising-edge clock CLKOUT1  {rise@0.000ns fall@10.000ns period=20.000ns})
  Path Group:             **async_default**
  Path Type:              Recovery (Max at Slow Process Corner)
  Requirement:            20.000ns  (CLKOUT1 rise@20.000ns - CLKOUT1 rise@0.000ns)
  Data Path Delay:        6.471ns  (logic 0.518ns (8.005%)  route 5.953ns (91.995%))
  Logic Levels:           0  
  Clock Path Skew:        -0.060ns (DCD - SCD + CPR)
    Destination Clock Delay (DCD):    8.151ns = ( 28.151 - 20.000 ) 
    Source Clock Delay      (SCD):    8.967ns
    Clock Pessimism Removal (CPR):    0.757ns
  Clock Uncertainty:      0.076ns  ((TSJ^2 + DJ^2)^1/2) / 2 + PE
    Total System Jitter     (TSJ):    0.071ns
    Discrete Jitter          (DJ):    0.135ns
    Phase Error              (PE):    0.000ns

    Location             Delay type                Incr(ns)  Path(ns)    Netlist Resource(s)
  -------------------------------------------------------------------    -------------------
                         (clock CLKOUT1 rise edge)    0.000     0.000 r  
    L16                                               0.000     0.000 r  sys_clk (IN)
                         net (fo=0)                   0.000     0.000    sys_clk
    L16                  IBUF (Prop_ibuf_I_O)         1.491     1.491 r  sys_clk_ibuffer/O
                         net (fo=1, routed)           2.076     3.567    obuf_clk
    BUFGCTRL_X0Y16       BUFG (Prop_bufg_I_O)         0.101     3.668 r  clk_gbuffer/O
                         net (fo=2, routed)           1.680     5.348    gobuf_clk
    MMCME2_ADV_X0Y0      MMCME2_ADV (Prop_mmcme2_adv_CLKIN1_CLKOUT1)
                                                      0.088     5.436 r  mmcm_adv/CLKOUT1
                         net (fo=1, routed)           1.760     7.196    CLKOUT1
    BUFGCTRL_X0Y0        BUFG (Prop_bufg_I_O)         0.101     7.297 r  CLKOUT1_BUFG_inst/O
                         net (fo=2177, routed)        1.670     8.967    CLKOUT1_BUFG
    SLICE_X34Y12         FDSE                                         r  rst_shreg_reg[2]/C
  -------------------------------------------------------------------    -------------------
    SLICE_X34Y12         FDSE (Prop_fdse_C_Q)         0.518     9.485 f  rst_shreg_reg[2]/Q
                         net (fo=212, routed)         5.953    15.439    buffered_pwm/dec_sine/Q[0]
    SLICE_X22Y6          FDCE                                         f  buffered_pwm/dec_sine/count_reg_reg[1]/CLR
  -------------------------------------------------------------------    -------------------

                         (clock CLKOUT1 rise edge)   20.000    20.000 r  
    L16                                               0.000    20.000 r  sys_clk (IN)
                         net (fo=0)                   0.000    20.000    sys_clk
    L16                  IBUF (Prop_ibuf_I_O)         1.421    21.421 r  sys_clk_ibuffer/O
                         net (fo=1, routed)           1.880    23.301    obuf_clk
    BUFGCTRL_X0Y16       BUFG (Prop_bufg_I_O)         0.091    23.392 r  clk_gbuffer/O
                         net (fo=2, routed)           1.490    24.882    gobuf_clk
    MMCME2_ADV_X0Y0      MMCME2_ADV (Prop_mmcme2_adv_CLKIN1_CLKOUT1)
                                                      0.083    24.965 r  mmcm_adv/CLKOUT1
                         net (fo=1, routed)           1.599    26.564    CLKOUT1
    BUFGCTRL_X0Y0        BUFG (Prop_bufg_I_O)         0.091    26.655 r  CLKOUT1_BUFG_inst/O
                         net (fo=2177, routed)        1.495    28.151    buffered_pwm/dec_sine/CLKOUT1_BUFG
    SLICE_X22Y6          FDCE                                         r  buffered_pwm/dec_sine/count_reg_reg[1]/C
                         clock pessimism              0.757    28.907    
                         clock uncertainty           -0.076    28.831    
    SLICE_X22Y6          FDCE (Recov_fdce_C_CLR)     -0.405    28.426    buffered_pwm/dec_sine/count_reg_reg[1]
  -------------------------------------------------------------------
                         required time                         28.426    
                         arrival time                         -15.439    
  -------------------------------------------------------------------
                         slack                                 12.988    





Min Delay Paths
--------------------------------------------------------------------------------------
Slack (MET) :             0.295ns  (arrival time - required time)
  Source:                 dbg_hub/inst/BSCANID.u_xsdbm_id/CORE_XSDB.UUT_MASTER/U_ICON_INTERFACE/U_CMD1/ctl_reg_reg[0]/C
                            (rising edge-triggered cell FDRE clocked by CLKOUT1  {rise@0.000ns fall@10.000ns period=20.000ns})
  Destination:            dbg_hub/inst/BSCANID.u_xsdbm_id/CORE_XSDB.UUT_MASTER/U_XSDB_BUS_CONTROLLER/active_sl_den_mask_reg[1]/CLR
                            (removal check against rising-edge clock CLKOUT1  {rise@0.000ns fall@10.000ns period=20.000ns})
  Path Group:             **async_default**
  Path Type:              Removal (Min at Fast Process Corner)
  Requirement:            0.000ns  (CLKOUT1 rise@0.000ns - CLKOUT1 rise@0.000ns)
  Data Path Delay:        0.461ns  (logic 0.164ns (35.558%)  route 0.297ns (64.442%))
  Logic Levels:           0  
  Clock Path Skew:        0.258ns (DCD - SCD - CPR)
    Destination Clock Delay (DCD):    3.399ns
    Source Clock Delay      (SCD):    2.570ns
    Clock Pessimism Removal (CPR):    0.570ns

    Location             Delay type                Incr(ns)  Path(ns)    Netlist Resource(s)
  -------------------------------------------------------------------    -------------------
                         (clock CLKOUT1 rise edge)    0.000     0.000 r  
    L16                                               0.000     0.000 r  sys_clk (IN)
                         net (fo=0)                   0.000     0.000    sys_clk
    L16                  IBUF (Prop_ibuf_I_O)         0.259     0.259 r  sys_clk_ibuffer/O
                         net (fo=1, routed)           0.627     0.886    obuf_clk
    BUFGCTRL_X0Y16       BUFG (Prop_bufg_I_O)         0.026     0.912 r  clk_gbuffer/O
                         net (fo=2, routed)           0.548     1.460    gobuf_clk
    MMCME2_ADV_X0Y0      MMCME2_ADV (Prop_mmcme2_adv_CLKIN1_CLKOUT1)
                                                      0.050     1.510 r  mmcm_adv/CLKOUT1
                         net (fo=1, routed)           0.482     1.992    CLKOUT1
    BUFGCTRL_X0Y0        BUFG (Prop_bufg_I_O)         0.026     2.018 r  CLKOUT1_BUFG_inst/O
                         net (fo=2177, routed)        0.553     2.570    dbg_hub/inst/BSCANID.u_xsdbm_id/CORE_XSDB.UUT_MASTER/U_ICON_INTERFACE/U_CMD1/clk
    SLICE_X16Y28         FDRE                                         r  dbg_hub/inst/BSCANID.u_xsdbm_id/CORE_XSDB.UUT_MASTER/U_ICON_INTERFACE/U_CMD1/ctl_reg_reg[0]/C
  -------------------------------------------------------------------    -------------------
    SLICE_X16Y28         FDRE (Prop_fdre_C_Q)         0.164     2.734 f  dbg_hub/inst/BSCANID.u_xsdbm_id/CORE_XSDB.UUT_MASTER/U_ICON_INTERFACE/U_CMD1/ctl_reg_reg[0]/Q
                         net (fo=168, routed)         0.297     3.031    dbg_hub/inst/BSCANID.u_xsdbm_id/CORE_XSDB.UUT_MASTER/U_XSDB_BUS_CONTROLLER/out[0]
    SLICE_X23Y28         FDCE                                         f  dbg_hub/inst/BSCANID.u_xsdbm_id/CORE_XSDB.UUT_MASTER/U_XSDB_BUS_CONTROLLER/active_sl_den_mask_reg[1]/CLR
  -------------------------------------------------------------------    -------------------

                         (clock CLKOUT1 rise edge)    0.000     0.000 r  
    L16                                               0.000     0.000 r  sys_clk (IN)
                         net (fo=0)                   0.000     0.000    sys_clk
    L16                  IBUF (Prop_ibuf_I_O)         0.447     0.447 r  sys_clk_ibuffer/O
                         net (fo=1, routed)           0.683     1.130    obuf_clk
    BUFGCTRL_X0Y16       BUFG (Prop_bufg_I_O)         0.029     1.159 r  clk_gbuffer/O
                         net (fo=2, routed)           0.814     1.973    gobuf_clk
    MMCME2_ADV_X0Y0      MMCME2_ADV (Prop_mmcme2_adv_CLKIN1_CLKOUT1)
                                                      0.053     2.026 r  mmcm_adv/CLKOUT1
                         net (fo=1, routed)           0.528     2.554    CLKOUT1
    BUFGCTRL_X0Y0        BUFG (Prop_bufg_I_O)         0.029     2.583 r  CLKOUT1_BUFG_inst/O
                         net (fo=2177, routed)        0.816     3.399    dbg_hub/inst/BSCANID.u_xsdbm_id/CORE_XSDB.UUT_MASTER/U_XSDB_BUS_CONTROLLER/clk
    SLICE_X23Y28         FDCE                                         r  dbg_hub/inst/BSCANID.u_xsdbm_id/CORE_XSDB.UUT_MASTER/U_XSDB_BUS_CONTROLLER/active_sl_den_mask_reg[1]/C
                         clock pessimism             -0.570     2.829    
    SLICE_X23Y28         FDCE (Remov_fdce_C_CLR)     -0.092     2.737    dbg_hub/inst/BSCANID.u_xsdbm_id/CORE_XSDB.UUT_MASTER/U_XSDB_BUS_CONTROLLER/active_sl_den_mask_reg[1]
  -------------------------------------------------------------------
                         required time                         -2.737    
                         arrival time                           3.031    
  -------------------------------------------------------------------
                         slack                                  0.295    





---------------------------------------------------------------------------------------------------
Path Group:  **async_default**
From Clock:  clk_pwm
  To Clock:  clk_pwm

Setup :            0  Failing Endpoints,  Worst Slack        8.474ns,  Total Violation        0.000ns
Hold  :            0  Failing Endpoints,  Worst Slack        0.441ns,  Total Violation        0.000ns
---------------------------------------------------------------------------------------------------


Max Delay Paths
--------------------------------------------------------------------------------------
Slack (MET) :             8.474ns  (required time - arrival time)
  Source:                 buffered_pwm/rst_pwm_reg__0/C
                            (rising edge-triggered cell FDRE clocked by clk_pwm  {rise@0.000ns fall@5.000ns period=10.000ns})
  Destination:            buffered_pwm/channels_gen[0].pwm_ich/set_scaler_type_signed.rsc/output_data_reg[4]/CLR
                            (recovery check against rising-edge clock clk_pwm  {rise@0.000ns fall@5.000ns period=10.000ns})
  Path Group:             **async_default**
  Path Type:              Recovery (Max at Slow Process Corner)
  Requirement:            10.000ns  (clk_pwm rise@10.000ns - clk_pwm rise@0.000ns)
  Data Path Delay:        1.036ns  (logic 0.456ns (43.995%)  route 0.580ns (56.005%))
  Logic Levels:           0  
  Clock Path Skew:        -0.060ns (DCD - SCD + CPR)
    Destination Clock Delay (DCD):    8.155ns = ( 18.155 - 10.000 ) 
    Source Clock Delay      (SCD):    8.971ns
    Clock Pessimism Removal (CPR):    0.757ns
  Clock Uncertainty:      0.069ns  ((TSJ^2 + DJ^2)^1/2) / 2 + PE
    Total System Jitter     (TSJ):    0.071ns
    Discrete Jitter          (DJ):    0.118ns
    Phase Error              (PE):    0.000ns

    Location             Delay type                Incr(ns)  Path(ns)    Netlist Resource(s)
  -------------------------------------------------------------------    -------------------
                         (clock clk_pwm rise edge)    0.000     0.000 r  
    L16                                               0.000     0.000 r  sys_clk (IN)
                         net (fo=0)                   0.000     0.000    sys_clk
    L16                  IBUF (Prop_ibuf_I_O)         1.491     1.491 r  sys_clk_ibuffer/O
                         net (fo=1, routed)           2.076     3.567    obuf_clk
    BUFGCTRL_X0Y16       BUFG (Prop_bufg_I_O)         0.101     3.668 r  clk_gbuffer/O
                         net (fo=2, routed)           1.680     5.348    gobuf_clk
    MMCME2_ADV_X0Y0      MMCME2_ADV (Prop_mmcme2_adv_CLKIN1_CLKOUT2)
                                                      0.088     5.436 r  mmcm_adv/CLKOUT2
                         net (fo=1, routed)           1.760     7.196    clk_pwm
    BUFGCTRL_X0Y2        BUFG (Prop_bufg_I_O)         0.101     7.297 r  clk_pwm_BUFG_inst/O
                         net (fo=210, routed)         1.674     8.971    buffered_pwm/clk_pwm_BUFG
    SLICE_X35Y6          FDRE                                         r  buffered_pwm/rst_pwm_reg__0/C
  -------------------------------------------------------------------    -------------------
    SLICE_X35Y6          FDRE (Prop_fdre_C_Q)         0.456     9.427 f  buffered_pwm/rst_pwm_reg__0/Q
                         net (fo=167, routed)         0.580    10.008    buffered_pwm/channels_gen[0].pwm_ich/set_scaler_type_signed.rsc/output_data_reg[5]_1
    SLICE_X32Y7          FDCE                                         f  buffered_pwm/channels_gen[0].pwm_ich/set_scaler_type_signed.rsc/output_data_reg[4]/CLR
  -------------------------------------------------------------------    -------------------

                         (clock clk_pwm rise edge)   10.000    10.000 r  
    L16                                               0.000    10.000 r  sys_clk (IN)
                         net (fo=0)                   0.000    10.000    sys_clk
    L16                  IBUF (Prop_ibuf_I_O)         1.421    11.421 r  sys_clk_ibuffer/O
                         net (fo=1, routed)           1.880    13.301    obuf_clk
    BUFGCTRL_X0Y16       BUFG (Prop_bufg_I_O)         0.091    13.392 r  clk_gbuffer/O
                         net (fo=2, routed)           1.490    14.882    gobuf_clk
    MMCME2_ADV_X0Y0      MMCME2_ADV (Prop_mmcme2_adv_CLKIN1_CLKOUT2)
                                                      0.083    14.965 r  mmcm_adv/CLKOUT2
                         net (fo=1, routed)           1.599    16.564    clk_pwm
    BUFGCTRL_X0Y2        BUFG (Prop_bufg_I_O)         0.091    16.655 r  clk_pwm_BUFG_inst/O
                         net (fo=210, routed)         1.499    18.155    buffered_pwm/channels_gen[0].pwm_ich/set_scaler_type_signed.rsc/clk_pwm_BUFG
    SLICE_X32Y7          FDCE                                         r  buffered_pwm/channels_gen[0].pwm_ich/set_scaler_type_signed.rsc/output_data_reg[4]/C
                         clock pessimism              0.757    18.911    
                         clock uncertainty           -0.069    18.842    
    SLICE_X32Y7          FDCE (Recov_fdce_C_CLR)     -0.361    18.481    buffered_pwm/channels_gen[0].pwm_ich/set_scaler_type_signed.rsc/output_data_reg[4]
  -------------------------------------------------------------------
                         required time                         18.481    
                         arrival time                         -10.008    
  -------------------------------------------------------------------
                         slack                                  8.474    





Min Delay Paths
--------------------------------------------------------------------------------------
Slack (MET) :             0.441ns  (arrival time - required time)
  Source:                 buffered_pwm/rst_pwm_reg__0/C
                            (rising edge-triggered cell FDRE clocked by clk_pwm  {rise@0.000ns fall@5.000ns period=10.000ns})
  Destination:            buffered_pwm/channels_gen[0].pwm_ich/set_scaler_type_signed.rsc/output_data_reg[0]/CLR
                            (removal check against rising-edge clock clk_pwm  {rise@0.000ns fall@5.000ns period=10.000ns})
  Path Group:             **async_default**
  Path Type:              Removal (Min at Fast Process Corner)
  Requirement:            0.000ns  (clk_pwm rise@0.000ns - clk_pwm rise@0.000ns)
  Data Path Delay:        0.408ns  (logic 0.141ns (34.518%)  route 0.267ns (65.482%))
  Logic Levels:           0  
  Clock Path Skew:        0.034ns (DCD - SCD - CPR)
    Destination Clock Delay (DCD):    3.413ns
    Source Clock Delay      (SCD):    2.580ns
    Clock Pessimism Removal (CPR):    0.799ns

    Location             Delay type                Incr(ns)  Path(ns)    Netlist Resource(s)
  -------------------------------------------------------------------    -------------------
                         (clock clk_pwm rise edge)    0.000     0.000 r  
    L16                                               0.000     0.000 r  sys_clk (IN)
                         net (fo=0)                   0.000     0.000    sys_clk
    L16                  IBUF (Prop_ibuf_I_O)         0.259     0.259 r  sys_clk_ibuffer/O
                         net (fo=1, routed)           0.627     0.886    obuf_clk
    BUFGCTRL_X0Y16       BUFG (Prop_bufg_I_O)         0.026     0.912 r  clk_gbuffer/O
                         net (fo=2, routed)           0.548     1.460    gobuf_clk
    MMCME2_ADV_X0Y0      MMCME2_ADV (Prop_mmcme2_adv_CLKIN1_CLKOUT2)
                                                      0.050     1.510 r  mmcm_adv/CLKOUT2
                         net (fo=1, routed)           0.482     1.992    clk_pwm
    BUFGCTRL_X0Y2        BUFG (Prop_bufg_I_O)         0.026     2.018 r  clk_pwm_BUFG_inst/O
                         net (fo=210, routed)         0.563     2.580    buffered_pwm/clk_pwm_BUFG
    SLICE_X35Y6          FDRE                                         r  buffered_pwm/rst_pwm_reg__0/C
  -------------------------------------------------------------------    -------------------
    SLICE_X35Y6          FDRE (Prop_fdre_C_Q)         0.141     2.721 f  buffered_pwm/rst_pwm_reg__0/Q
                         net (fo=167, routed)         0.267     2.989    buffered_pwm/channels_gen[0].pwm_ich/set_scaler_type_signed.rsc/output_data_reg[5]_1
    SLICE_X32Y7          FDCE                                         f  buffered_pwm/channels_gen[0].pwm_ich/set_scaler_type_signed.rsc/output_data_reg[0]/CLR
  -------------------------------------------------------------------    -------------------

                         (clock clk_pwm rise edge)    0.000     0.000 r  
    L16                                               0.000     0.000 r  sys_clk (IN)
                         net (fo=0)                   0.000     0.000    sys_clk
    L16                  IBUF (Prop_ibuf_I_O)         0.447     0.447 r  sys_clk_ibuffer/O
                         net (fo=1, routed)           0.683     1.130    obuf_clk
    BUFGCTRL_X0Y16       BUFG (Prop_bufg_I_O)         0.029     1.159 r  clk_gbuffer/O
                         net (fo=2, routed)           0.814     1.973    gobuf_clk
    MMCME2_ADV_X0Y0      MMCME2_ADV (Prop_mmcme2_adv_CLKIN1_CLKOUT2)
                                                      0.053     2.026 r  mmcm_adv/CLKOUT2
                         net (fo=1, routed)           0.528     2.554    clk_pwm
    BUFGCTRL_X0Y2        BUFG (Prop_bufg_I_O)         0.029     2.583 r  clk_pwm_BUFG_inst/O
                         net (fo=210, routed)         0.830     3.413    buffered_pwm/channels_gen[0].pwm_ich/set_scaler_type_signed.rsc/clk_pwm_BUFG
    SLICE_X32Y7          FDCE                                         r  buffered_pwm/channels_gen[0].pwm_ich/set_scaler_type_signed.rsc/output_data_reg[0]/C
                         clock pessimism             -0.799     2.614    
    SLICE_X32Y7          FDCE (Remov_fdce_C_CLR)     -0.067     2.547    buffered_pwm/channels_gen[0].pwm_ich/set_scaler_type_signed.rsc/output_data_reg[0]
  -------------------------------------------------------------------
                         required time                         -2.547    
                         arrival time                           2.989    
  -------------------------------------------------------------------
                         slack                                  0.441    





---------------------------------------------------------------------------------------------------
Path Group:  **async_default**
From Clock:  dbg_hub/inst/BSCANID.u_xsdbm_id/SWITCH_N_EXT_BSCAN.bscan_inst/SERIES7_BSCAN.bscan_inst/TCK
  To Clock:  dbg_hub/inst/BSCANID.u_xsdbm_id/SWITCH_N_EXT_BSCAN.bscan_inst/SERIES7_BSCAN.bscan_inst/TCK

Setup :            0  Failing Endpoints,  Worst Slack       28.124ns,  Total Violation        0.000ns
Hold  :            0  Failing Endpoints,  Worst Slack        0.375ns,  Total Violation        0.000ns
---------------------------------------------------------------------------------------------------


Max Delay Paths
--------------------------------------------------------------------------------------
Slack (MET) :             28.124ns  (required time - arrival time)
  Source:                 dbg_hub/inst/BSCANID.u_xsdbm_id/SWITCH_N_EXT_BSCAN.bscan_switch/portno_reg[2]/C
                            (rising edge-triggered cell FDRE clocked by dbg_hub/inst/BSCANID.u_xsdbm_id/SWITCH_N_EXT_BSCAN.bscan_inst/SERIES7_BSCAN.bscan_inst/TCK  {rise@0.000ns fall@16.500ns period=33.000ns})
  Destination:            dbg_hub/inst/BSCANID.u_xsdbm_id/CORE_XSDB.U_ICON/U_CMD/iTARGET_reg[10]/CLR
                            (recovery check against rising-edge clock dbg_hub/inst/BSCANID.u_xsdbm_id/SWITCH_N_EXT_BSCAN.bscan_inst/SERIES7_BSCAN.bscan_inst/TCK  {rise@0.000ns fall@16.500ns period=33.000ns})
  Path Group:             **async_default**
  Path Type:              Recovery (Max at Slow Process Corner)
  Requirement:            33.000ns  (dbg_hub/inst/BSCANID.u_xsdbm_id/SWITCH_N_EXT_BSCAN.bscan_inst/SERIES7_BSCAN.bscan_inst/TCK rise@33.000ns - dbg_hub/inst/BSCANID.u_xsdbm_id/SWITCH_N_EXT_BSCAN.bscan_inst/SERIES7_BSCAN.bscan_inst/TCK rise@0.000ns)
  Data Path Delay:        4.378ns  (logic 0.828ns (18.914%)  route 3.550ns (81.087%))
  Logic Levels:           3  (LUT1=1 LUT4=1 LUT6=1)
  Clock Path Skew:        -0.058ns (DCD - SCD + CPR)
    Destination Clock Delay (DCD):    3.177ns = ( 36.177 - 33.000 ) 
    Source Clock Delay      (SCD):    3.631ns
    Clock Pessimism Removal (CPR):    0.396ns
  Clock Uncertainty:      0.035ns  ((TSJ^2 + TIJ^2)^1/2 + DJ) / 2 + PE
    Total System Jitter     (TSJ):    0.071ns
    Total Input Jitter      (TIJ):    0.000ns
    Discrete Jitter          (DJ):    0.000ns
    Phase Error              (PE):    0.000ns

    Location             Delay type                Incr(ns)  Path(ns)    Netlist Resource(s)
  -------------------------------------------------------------------    -------------------
                         (clock dbg_hub/inst/BSCANID.u_xsdbm_id/SWITCH_N_EXT_BSCAN.bscan_inst/SERIES7_BSCAN.bscan_inst/TCK rise edge)
                                                      0.000     0.000 r  
    BSCAN_X0Y0           BSCANE2                      0.000     0.000 r  dbg_hub/inst/BSCANID.u_xsdbm_id/SWITCH_N_EXT_BSCAN.bscan_inst/SERIES7_BSCAN.bscan_inst/TCK
                         net (fo=1, routed)           1.867     1.867    dbg_hub/inst/BSCANID.u_xsdbm_id/tck_bs
    BUFGCTRL_X0Y1        BUFG (Prop_bufg_I_O)         0.101     1.968 r  dbg_hub/inst/BSCANID.u_xsdbm_id/SWITCH_N_EXT_BSCAN.u_bufg_icon_tck/O
                         net (fo=486, routed)         1.663     3.631    dbg_hub/inst/BSCANID.u_xsdbm_id/SWITCH_N_EXT_BSCAN.bscan_switch/s_bscan_tck
    SLICE_X17Y31         FDRE                                         r  dbg_hub/inst/BSCANID.u_xsdbm_id/SWITCH_N_EXT_BSCAN.bscan_switch/portno_reg[2]/C
  -------------------------------------------------------------------    -------------------
    SLICE_X17Y31         FDRE (Prop_fdre_C_Q)         0.456     4.087 f  dbg_hub/inst/BSCANID.u_xsdbm_id/SWITCH_N_EXT_BSCAN.bscan_switch/portno_reg[2]/Q
                         net (fo=1, routed)           0.820     4.907    dbg_hub/inst/BSCANID.u_xsdbm_id/SWITCH_N_EXT_BSCAN.bscan_switch/portno[2]
    SLICE_X16Y31         LUT6 (Prop_lut6_I1_O)        0.124     5.031 f  dbg_hub/inst/BSCANID.u_xsdbm_id/SWITCH_N_EXT_BSCAN.bscan_switch/m_bscan_drck[0]_INST_0_i_1/O
                         net (fo=5, routed)           0.875     5.906    dbg_hub/inst/BSCANID.u_xsdbm_id/SWITCH_N_EXT_BSCAN.bscan_switch/m_bscan_drck[0]_INST_0_i_1_n_0
    SLICE_X14Y30         LUT4 (Prop_lut4_I3_O)        0.124     6.030 r  dbg_hub/inst/BSCANID.u_xsdbm_id/SWITCH_N_EXT_BSCAN.bscan_switch/m_bscan_sel[0]_INST_0/O
                         net (fo=2, routed)           1.224     7.254    dbg_hub/inst/BSCANID.u_xsdbm_id/CORE_XSDB.U_ICON/U_CMD/iTARGET_reg[6]_0
    SLICE_X13Y27         LUT1 (Prop_lut1_I0_O)        0.124     7.378 f  dbg_hub/inst/BSCANID.u_xsdbm_id/CORE_XSDB.U_ICON/U_CMD/iTARGET[15]_i_2/O
                         net (fo=10, routed)          0.631     8.008    dbg_hub/inst/BSCANID.u_xsdbm_id/CORE_XSDB.U_ICON/U_CMD/iSEL_n
    SLICE_X11Y25         FDCE                                         f  dbg_hub/inst/BSCANID.u_xsdbm_id/CORE_XSDB.U_ICON/U_CMD/iTARGET_reg[10]/CLR
  -------------------------------------------------------------------    -------------------

                         (clock dbg_hub/inst/BSCANID.u_xsdbm_id/SWITCH_N_EXT_BSCAN.bscan_inst/SERIES7_BSCAN.bscan_inst/TCK rise edge)
                                                     33.000    33.000 r  
    BSCAN_X0Y0           BSCANE2                      0.000    33.000 r  dbg_hub/inst/BSCANID.u_xsdbm_id/SWITCH_N_EXT_BSCAN.bscan_inst/SERIES7_BSCAN.bscan_inst/TCK
                         net (fo=1, routed)           1.596    34.596    dbg_hub/inst/BSCANID.u_xsdbm_id/tck_bs
    BUFGCTRL_X0Y1        BUFG (Prop_bufg_I_O)         0.091    34.687 r  dbg_hub/inst/BSCANID.u_xsdbm_id/SWITCH_N_EXT_BSCAN.u_bufg_icon_tck/O
                         net (fo=486, routed)         1.490    36.177    dbg_hub/inst/BSCANID.u_xsdbm_id/CORE_XSDB.U_ICON/U_CMD/m_bscan_tck[0]
    SLICE_X11Y25         FDCE                                         r  dbg_hub/inst/BSCANID.u_xsdbm_id/CORE_XSDB.U_ICON/U_CMD/iTARGET_reg[10]/C
                         clock pessimism              0.396    36.573    
                         clock uncertainty           -0.035    36.537    
    SLICE_X11Y25         FDCE (Recov_fdce_C_CLR)     -0.405    36.132    dbg_hub/inst/BSCANID.u_xsdbm_id/CORE_XSDB.U_ICON/U_CMD/iTARGET_reg[10]
  -------------------------------------------------------------------
                         required time                         36.132    
                         arrival time                          -8.008    
  -------------------------------------------------------------------
                         slack                                 28.124    





Min Delay Paths
--------------------------------------------------------------------------------------
Slack (MET) :             0.375ns  (arrival time - required time)
  Source:                 dbg_hub/inst/BSCANID.u_xsdbm_id/CORE_XSDB.UUT_MASTER/U_ICON_INTERFACE/U_CMD6_WR/U_WR_FIFO/SUBCORE_FIFO.xsdbm_v3_0_0_wrfifo_inst/inst_fifo_gen/gconvfifo.rf/grf.rf/rstblk/ngwrdrst.grst.g7serrst.wr_rst_reg_reg[1]/C
                            (rising edge-triggered cell FDPE clocked by dbg_hub/inst/BSCANID.u_xsdbm_id/SWITCH_N_EXT_BSCAN.bscan_inst/SERIES7_BSCAN.bscan_inst/TCK  {rise@0.000ns fall@16.500ns period=33.000ns})
  Destination:            dbg_hub/inst/BSCANID.u_xsdbm_id/CORE_XSDB.UUT_MASTER/U_ICON_INTERFACE/U_CMD6_WR/U_WR_FIFO/SUBCORE_FIFO.xsdbm_v3_0_0_wrfifo_inst/inst_fifo_gen/gconvfifo.rf/grf.rf/gntv_or_sync_fifo.gl0.wr/wpntr/gic0.gc0.count_d1_reg[1]/CLR
                            (removal check against rising-edge clock dbg_hub/inst/BSCANID.u_xsdbm_id/SWITCH_N_EXT_BSCAN.bscan_inst/SERIES7_BSCAN.bscan_inst/TCK  {rise@0.000ns fall@16.500ns period=33.000ns})
  Path Group:             **async_default**
  Path Type:              Removal (Min at Fast Process Corner)
  Requirement:            0.000ns  (dbg_hub/inst/BSCANID.u_xsdbm_id/SWITCH_N_EXT_BSCAN.bscan_inst/SERIES7_BSCAN.bscan_inst/TCK rise@0.000ns - dbg_hub/inst/BSCANID.u_xsdbm_id/SWITCH_N_EXT_BSCAN.bscan_inst/SERIES7_BSCAN.bscan_inst/TCK rise@0.000ns)
  Data Path Delay:        0.324ns  (logic 0.141ns (43.570%)  route 0.183ns (56.430%))
  Logic Levels:           0  
  Clock Path Skew:        0.016ns (DCD - SCD - CPR)
    Destination Clock Delay (DCD):    1.714ns
    Source Clock Delay      (SCD):    1.326ns
    Clock Pessimism Removal (CPR):    0.371ns

    Location             Delay type                Incr(ns)  Path(ns)    Netlist Resource(s)
  -------------------------------------------------------------------    -------------------
                         (clock dbg_hub/inst/BSCANID.u_xsdbm_id/SWITCH_N_EXT_BSCAN.bscan_inst/SERIES7_BSCAN.bscan_inst/TCK rise edge)
                                                      0.000     0.000 r  
    BSCAN_X0Y0           BSCANE2                      0.000     0.000 r  dbg_hub/inst/BSCANID.u_xsdbm_id/SWITCH_N_EXT_BSCAN.bscan_inst/SERIES7_BSCAN.bscan_inst/TCK
                         net (fo=1, routed)           0.745     0.745    dbg_hub/inst/BSCANID.u_xsdbm_id/tck_bs
    BUFGCTRL_X0Y1        BUFG (Prop_bufg_I_O)         0.026     0.771 r  dbg_hub/inst/BSCANID.u_xsdbm_id/SWITCH_N_EXT_BSCAN.u_bufg_icon_tck/O
                         net (fo=486, routed)         0.556     1.326    dbg_hub/inst/BSCANID.u_xsdbm_id/CORE_XSDB.UUT_MASTER/U_ICON_INTERFACE/U_CMD6_WR/U_WR_FIFO/SUBCORE_FIFO.xsdbm_v3_0_0_wrfifo_inst/inst_fifo_gen/gconvfifo.rf/grf.rf/rstblk/wr_clk
    SLICE_X7Y21          FDPE                                         r  dbg_hub/inst/BSCANID.u_xsdbm_id/CORE_XSDB.UUT_MASTER/U_ICON_INTERFACE/U_CMD6_WR/U_WR_FIFO/SUBCORE_FIFO.xsdbm_v3_0_0_wrfifo_inst/inst_fifo_gen/gconvfifo.rf/grf.rf/rstblk/ngwrdrst.grst.g7serrst.wr_rst_reg_reg[1]/C
  -------------------------------------------------------------------    -------------------
    SLICE_X7Y21          FDPE (Prop_fdpe_C_Q)         0.141     1.467 f  dbg_hub/inst/BSCANID.u_xsdbm_id/CORE_XSDB.UUT_MASTER/U_ICON_INTERFACE/U_CMD6_WR/U_WR_FIFO/SUBCORE_FIFO.xsdbm_v3_0_0_wrfifo_inst/inst_fifo_gen/gconvfifo.rf/grf.rf/rstblk/ngwrdrst.grst.g7serrst.wr_rst_reg_reg[1]/Q
                         net (fo=12, routed)          0.183     1.650    dbg_hub/inst/BSCANID.u_xsdbm_id/CORE_XSDB.UUT_MASTER/U_ICON_INTERFACE/U_CMD6_WR/U_WR_FIFO/SUBCORE_FIFO.xsdbm_v3_0_0_wrfifo_inst/inst_fifo_gen/gconvfifo.rf/grf.rf/gntv_or_sync_fifo.gl0.wr/wpntr/gic0.gc0.count_reg[0]_0[0]
    SLICE_X6Y19          FDCE                                         f  dbg_hub/inst/BSCANID.u_xsdbm_id/CORE_XSDB.UUT_MASTER/U_ICON_INTERFACE/U_CMD6_WR/U_WR_FIFO/SUBCORE_FIFO.xsdbm_v3_0_0_wrfifo_inst/inst_fifo_gen/gconvfifo.rf/grf.rf/gntv_or_sync_fifo.gl0.wr/wpntr/gic0.gc0.count_d1_reg[1]/CLR
  -------------------------------------------------------------------    -------------------

                         (clock dbg_hub/inst/BSCANID.u_xsdbm_id/SWITCH_N_EXT_BSCAN.bscan_inst/SERIES7_BSCAN.bscan_inst/TCK rise edge)
                                                      0.000     0.000 r  
    BSCAN_X0Y0           BSCANE2                      0.000     0.000 r  dbg_hub/inst/BSCANID.u_xsdbm_id/SWITCH_N_EXT_BSCAN.bscan_inst/SERIES7_BSCAN.bscan_inst/TCK
                         net (fo=1, routed)           0.861     0.861    dbg_hub/inst/BSCANID.u_xsdbm_id/tck_bs
    BUFGCTRL_X0Y1        BUFG (Prop_bufg_I_O)         0.029     0.890 r  dbg_hub/inst/BSCANID.u_xsdbm_id/SWITCH_N_EXT_BSCAN.u_bufg_icon_tck/O
                         net (fo=486, routed)         0.824     1.714    dbg_hub/inst/BSCANID.u_xsdbm_id/CORE_XSDB.UUT_MASTER/U_ICON_INTERFACE/U_CMD6_WR/U_WR_FIFO/SUBCORE_FIFO.xsdbm_v3_0_0_wrfifo_inst/inst_fifo_gen/gconvfifo.rf/grf.rf/gntv_or_sync_fifo.gl0.wr/wpntr/wr_clk
    SLICE_X6Y19          FDCE                                         r  dbg_hub/inst/BSCANID.u_xsdbm_id/CORE_XSDB.UUT_MASTER/U_ICON_INTERFACE/U_CMD6_WR/U_WR_FIFO/SUBCORE_FIFO.xsdbm_v3_0_0_wrfifo_inst/inst_fifo_gen/gconvfifo.rf/grf.rf/gntv_or_sync_fifo.gl0.wr/wpntr/gic0.gc0.count_d1_reg[1]/C
                         clock pessimism             -0.371     1.342    
    SLICE_X6Y19          FDCE (Remov_fdce_C_CLR)     -0.067     1.275    dbg_hub/inst/BSCANID.u_xsdbm_id/CORE_XSDB.UUT_MASTER/U_ICON_INTERFACE/U_CMD6_WR/U_WR_FIFO/SUBCORE_FIFO.xsdbm_v3_0_0_wrfifo_inst/inst_fifo_gen/gconvfifo.rf/grf.rf/gntv_or_sync_fifo.gl0.wr/wpntr/gic0.gc0.count_d1_reg[1]
  -------------------------------------------------------------------
                         required time                         -1.275    
                         arrival time                           1.650    
  -------------------------------------------------------------------
                         slack                                  0.375    





